地震の発生日,地震の発生時刻,震央地名,緯度,経度,深さ,Ｍ,最大震度
2022/01/13,15:26:16.4,大隅半島東方沖,31°05.2′N,131°29.4′E,30 km,4.6,震度３
2022/01/11,12:23:49.6,大分県南部,32°59.7′N,131°54.8′E,10 km,3.9,震度３
2022/01/07,07:24:52.0,沖縄本島近海,27°26.1′N,128°33.5′E,49 km,4.3,震度３
2022/01/05,21:34:16.4,茨城県南部,36°08.6′N,140°01.9′E,49 km,3.8,震度３
2022/01/04,06:08:51.5,父島近海,27°03.9′N,142°06.8′E,77 km,6.1,震度５強
2022/01/02,23:17:23.2,紀伊水道,34°07.5′N,135°06.1′E,9 km,3.7,震度３
2021/12/31,14:52:43.0,石川県能登地方,37°30.8′N,137°14.5′E,14 km,4.3,震度３
2021/12/29,11:33:05.5,東京都２３区,35°42.1′N,139°36.9′E,31 km,3.5,震度３
2021/12/26,17:26:47.1,宮古島近海,25°08.3′N,125°37.9′E,39 km,6.1,震度４
2021/12/25,09:30:58.5,栃木県北部,37°03.7′N,139°51.6′E,8 km,4.0,震度３
2021/12/21,11:53:15.7,国後島付近,43°43.8′N,146°03.0′E,96 km,5.0,震度３
2021/12/21,01:05:26.1,日高地方中部,42°23.1′N,142°39.4′E,39 km,4.8,震度３
2021/12/12,12:30:58.7,茨城県南部,36°08.0′N,139°51.1′E,50 km,5.0,震度４
2021/12/11,16:59:45.7,兵庫県南東部,35°12.2′N,135°10.3′E,15 km,3.7,震度３
2021/12/11,08:42:31.0,熊本県阿蘇地方,32°57.7′N,131°07.4′E,8 km,3.7,震度３
2021/12/10,20:14:31.6,トカラ列島近海,29°23.4′N,129°31.8′E,15 km,3.0,震度３
2021/12/09,11:09:26.7,トカラ列島近海,29°19.2′N,129°22.1′E,13 km,4.2,震度３
2021/12/09,11:08:10.2,トカラ列島近海,29°22.2′N,129°27.5′E,6 km,3.0,震度３
2021/12/09,11:05:08.0,トカラ列島近海,29°20.5′N,129°27.0′E,14 km,6.1,震度５強
2021/12/08,22:44:18.8,トカラ列島近海,29°20.0′N,129°25.5′E,20 km,4.0,震度４
2021/12/08,16:22:18.2,福島県沖,37°43.4′N,141°34.3′E,53 km,5.0,震度３
2021/12/08,02:29:26.2,福島県沖,37°09.9′N,141°12.5′E,17 km,5.2,震度３
2021/12/07,11:13:34.6,トカラ列島近海,29°20.8′N,129°23.3′E,17 km,4.7,震度３
2021/12/07,05:04:40.2,トカラ列島近海,29°18.0′N,129°18.5′E,21 km,3.6,震度３
2021/12/06,17:09:35.6,福島県沖,37°39.9′N,141°18.7′E,61 km,4.3,震度３
2021/12/06,10:58:58.3,トカラ列島近海,29°20.3′N,129°22.8′E,18 km,4.1,震度３
2021/12/05,22:34:53.3,トカラ列島近海,29°19.6′N,129°25.2′E,17 km,3.4,震度３
2021/12/05,13:06:26.1,トカラ列島近海,29°18.1′N,129°24.6′E,22 km,4.1,震度３
2021/12/05,11:14:24.9,トカラ列島近海,29°16.2′N,129°19.2′E,19 km,4.9,震度４
2021/12/05,11:00:27.1,トカラ列島近海,29°15.9′N,129°20.2′E,19 km,3.8,震度３
2021/12/05,05:14:20.9,トカラ列島近海,29°17.3′N,129°17.2′E,20 km,4.1,震度３
2021/12/05,04:05:09.0,トカラ列島近海,29°17.4′N,129°17.9′E,21 km,3.5,震度３
2021/12/05,00:25:58.4,トカラ列島近海,29°16.7′N,129°19.2′E,19 km,3.9,震度３
2021/12/05,00:08:15.7,トカラ列島近海,29°17.0′N,129°19.8′E,20 km,4.4,震度３
2021/12/04,23:25:06.4,トカラ列島近海,29°19.0′N,129°23.0′E,20 km,4.2,震度３
2021/12/04,19:48:16.6,トカラ列島近海,29°17.7′N,129°25.0′E,24 km,3.9,震度３
2021/12/04,07:29:19.5,長野県南部,35°50.4′N,137°34.7′E,5 km,2.8,震度３
2021/12/03,09:28:28.9,紀伊水道,33°48.0′N,135°08.8′E,18 km,5.4,震度５弱
2021/12/03,06:37:48.5,山梨県東部・富士五湖,35°33.2′N,138°59.4′E,19 km,4.8,震度５弱
2021/12/03,02:23:24.3,山梨県東部・富士五湖,35°31.8′N,138°58.9′E,21 km,3.8,震度３
2021/12/03,02:17:58.6,山梨県東部・富士五湖,35°31.6′N,138°58.7′E,21 km,4.1,震度４
2021/12/02,17:24:47.4,福島県沖,37°40.1′N,141°42.6′E,53 km,4.7,震度３
2021/12/02,01:58:38.8,茨城県南部,36°13.0′N,139°59.4′E,65 km,5.1,震度４
2021/12/01,23:31:35.2,秋田県内陸北部,40°14.6′N,140°53.4′E,10 km,4.2,震度３
2021/12/01,05:50:06.9,福島県会津,37°46.1′N,140°03.8′E,7 km,4.0,震度３
2021/11/24,17:06:34.0,岩手県沖,39°19.9′N,142°05.6′E,48 km,4.7,震度３
2021/11/23,18:48:42.0,宮城県沖,38°54.3′N,142°16.2′E,47 km,4.7,震度３
2021/11/20,08:57:23.3,東京都多摩東部,35°44.0′N,139°32.0′E,99 km,4.6,震度３
2021/11/17,02:54:45.9,神奈川県西部,35°25.6′N,139°08.8′E,23 km,4.4,震度３
2021/11/14,23:23:21.2,播磨灘,34°22.6′N,134°39.9′E,14 km,4.0,震度３
2021/11/13,08:49:06.1,播磨灘,34°22.1′N,134°39.8′E,14 km,4.1,震度３
2021/11/11,00:45:14.5,宮古島近海,23°43.9′N,126°22.0′E,115 km,6.5,震度３
2021/11/09,01:14:57.2,福島県中通り,37°03.7′N,140°35.0′E,6 km,4.9,震度４
2021/11/08,04:22:18.6,青森県東方沖,41°03.0′N,142°02.4′E,57 km,4.3,震度３
2021/11/08,03:08:31.2,茨城県南部,36°11.7′N,140°02.0′E,52 km,4.3,震度３
2021/11/05,00:21:49.0,石川県能登地方,37°30.8′N,137°13.6′E,13 km,4.0,震度３
2021/11/03,11:35:56.0,福島県沖,37°03.8′N,141°11.8′E,49 km,4.8,震度３
2021/11/03,01:19:55.8,長野県南部,35°49.1′N,138°09.6′E,16 km,3.7,震度３
2021/11/02,19:06:40.3,能登半島沖,37°31.1′N,137°13.9′E,13 km,3.9,震度３
2021/11/01,06:14:46.4,茨城県北部,36°27.6′N,140°36.7′E,57 km,5.3,震度４
2021/10/28,09:55:29.3,茨城県南部,36°03.8′N,139°54.5′E,45 km,4.5,震度４
2021/10/27,01:27:54.8,福島県沖,37°14.6′N,142°10.3′E,23 km,5.0,震度３
2021/10/21,17:36:45.5,東海道南方沖,32°10.8′N,138°27.0′E,356 km,5.6,震度３
2021/10/19,21:36:39.5,青森県東方沖,41°32.5′N,142°54.3′E,38 km,5.4,震度３
2021/10/19,15:03:07.0,石川県能登地方,37°30.7′N,137°13.0′E,13 km,4.0,震度３
2021/10/18,00:49:30.3,青森県東方沖,40°56.5′N,142°13.0′E,61 km,4.6,震度３
2021/10/16,21:48:32.7,京都府南部,35°04.2′N,135°37.1′E,12 km,3.9,震度３
2021/10/15,07:57:41.3,和歌山県北部,34°01.4′N,135°14.2′E,5 km,3.3,震度４
2021/10/10,23:16:15.9,十勝地方南部,42°21.3′N,143°06.6′E,51 km,4.7,震度３
2021/10/09,14:31:58.7,岩手県沖,39°59.2′N,142°14.7′E,54 km,4.7,震度３
2021/10/07,22:41:23.0,千葉県北西部,35°35.4′N,140°06.2′E,75 km,5.9,震度５強
2021/10/06,17:12:55.3,大隅半島東方沖,31°14.7′N,131°28.8′E,43 km,5.4,震度４
2021/10/06,02:46:02.3,岩手県沖,40°00.4′N,142°15.2′E,56 km,5.9,震度５強
2021/10/05,03:21:22.3,和歌山県北部,34°01.4′N,135°14.1′E,5 km,3.0,震度３
2021/10/03,14:43:35.2,能登半島沖,37°31.1′N,137°14.4′E,13 km,3.8,震度３
2021/10/03,11:10:59.1,石川県能登地方,37°30.6′N,137°13.8′E,13 km,4.3,震度３
2021/09/30,17:45:30.3,宮城県沖,38°25.8′N,141°57.6′E,61 km,4.5,震度３
2021/09/29,23:39:47.4,静岡県東部,35°19.2′N,138°49.9′E,6 km,3.5,震度３
2021/09/29,17:37:04.5,日本海中部,38°47.8′N,135°39.0′E,394 km,6.1,震度３
2021/09/29,12:26:42.5,茨城県沖,36°26.0′N,140°38.9′E,54 km,4.2,震度３
2021/09/27,20:26:38.3,茨城県沖,36°38.8′N,141°06.3′E,50 km,4.8,震度３
2021/09/24,18:48:10.9,新潟県上中越沖,37°21.9′N,138°24.1′E,16 km,4.1,震度３
2021/09/19,19:04:17.6,岐阜県飛騨地方,36°17.2′N,137°37.9′E,4 km,4.7,震度３
2021/09/19,17:19:25.4,岐阜県飛騨地方,36°20.4′N,137°37.1′E,1 km,4.9,震度３
2021/09/19,17:18:30.4,岐阜県飛騨地方,36°20.7′N,137°37.4′E,0 km,5.3,震度４
2021/09/19,08:07:48.8,茨城県北部,36°28.1′N,140°36.5′E,55 km,4.1,震度３
2021/09/18,05:21:08.4,宮城県沖,38°11.9′N,141°37.4′E,54 km,4.0,震度３
2021/09/17,12:16:10.7,福島県沖,37°47.0′N,141°30.8′E,49 km,4.4,震度３
2021/09/16,18:42:30.2,石川県能登地方,37°30.3′N,137°18.0′E,13 km,5.1,震度５弱
2021/09/14,07:46:05.9,東海道南方沖,32°27.6′N,137°59.7′E,385 km,6.0,震度３
2021/09/13,00:16:29.3,熊本県熊本地方,32°47.2′N,130°38.3′E,12 km,3.7,震度３
2021/09/12,11:17:04.4,豊後水道,33°07.3′N,132°04.0′E,45 km,4.2,震度３
2021/09/07,14:07:07.3,石川県能登地方,37°30.7′N,137°13.6′E,13 km,4.2,震度３
2021/09/06,23:59:47.3,和歌山県北部,34°04.1′N,135°08.2′E,6 km,3.0,震度３
2021/09/02,04:17:06.9,福島県沖,37°42.1′N,141°37.0′E,59 km,4.6,震度３
2021/08/30,20:39:05.9,群馬県北部,36°43.6′N,139°10.5′E,8 km,3.6,震度３
2021/08/27,05:49:05.8,茨城県沖,36°25.1′N,141°05.7′E,40 km,5.1,震度３
2021/08/27,05:46:07.0,茨城県沖,36°24.8′N,141°05.5′E,41 km,4.5,震度３
2021/08/22,11:24:35.4,福島県沖,37°36.4′N,141°38.2′E,60 km,5.1,震度４
2021/08/21,16:40:11.9,石川県能登地方,37°30.9′N,137°14.3′E,13 km,3.7,震度３
2021/08/19,07:15:51.5,広島県北部,35°03.4′N,133°02.6′E,6 km,3.5,震度３
2021/08/18,01:31:01.9,広島県北部,35°03.5′N,133°02.5′E,6 km,4.3,震度４
2021/08/16,08:17:45.9,滋賀県北部,35°27.3′N,136°19.8′E,13 km,4.4,震度３
2021/08/16,05:03:13.5,滋賀県北部,35°27.0′N,136°20.0′E,13 km,4.6,震度４
2021/08/14,22:38:07.0,石川県能登地方,37°30.5′N,137°13.3′E,14 km,4.2,震度３
2021/08/08,08:49:01.8,鹿児島県薩摩地方,31°14.7′N,130°36.9′E,8 km,3.5,震度３
2021/08/05,06:50:46.2,台湾付近,24°44.0′N,122°20.8′E,55 km,6.3,震度３
2021/08/04,05:33:36.8,茨城県沖,36°12.3′N,141°48.3′E,18 km,6.0,震度３
2021/08/02,09:37:26.1,広島県北部,35°03.7′N,133°02.7′E,6 km,4.4,震度４
2021/07/31,13:09:44.6,徳島県南部,33°47.8′N,134°37.9′E,45 km,4.5,震度３
2021/07/30,03:26:04.4,京都府南部,34°58.8′N,135°34.9′E,8 km,3.7,震度３
2021/07/28,00:55:00.3,茨城県沖,35°58.3′N,140°58.9′E,10 km,4.6,震度３
2021/07/27,05:19:21.1,福島県沖,37°20.3′N,141°20.5′E,81 km,4.5,震度４
2021/07/26,11:16:16.2,青森県東方沖,41°28.7′N,142°08.2′E,52 km,5.2,震度４
2021/07/18,19:11:05.1,福島県会津,37°03.2′N,139°16.6′E,4 km,4.6,震度３
2021/07/18,18:50:07.3,福島県会津,37°02.2′N,139°16.6′E,4 km,4.7,震度３
2021/07/18,14:35:50.6,徳島県北部,33°58.1′N,133°55.7′E,45 km,4.4,震度３
2021/07/17,20:50:00.7,伊予灘,33°38.3′N,131°51.3′E,76 km,5.1,震度４
2021/07/17,18:07:49.9,岐阜県飛騨地方,36°19.4′N,137°36.9′E,3 km,4.3,震度３
2021/07/16,13:19:56.9,八丈島近海,33°16.2′N,139°28.8′E,16 km,5.4,震度４
2021/07/11,09:16:40.7,石川県能登地方,37°30.2′N,137°16.2′E,13 km,3.9,震度４
2021/07/08,01:24:35.9,伊予灘,33°42.7′N,132°16.3′E,50 km,4.3,震度３
2021/07/04,15:35:21.7,茨城県沖,36°38.7′N,140°56.0′E,49 km,4.2,震度３
2021/07/01,06:44:01.1,岩手県沖,39°11.8′N,142°09.9′E,49 km,4.2,震度３
2021/06/29,14:55:48.6,日向灘,31°43.7′N,131°49.2′E,41 km,4.7,震度３
2021/06/26,01:24:55.3,石川県能登地方,37°30.5′N,137°14.1′E,14 km,4.1,震度３
2021/06/26,00:49:00.8,熊本県熊本地方,32°30.2′N,130°34.9′E,13 km,4.0,震度３
2021/06/20,20:08:24.4,上川地方中部,43°28.6′N,142°41.0′E,158 km,5.4,震度３
2021/06/19,07:39:13.3,愛媛県南予,33°27.6′N,132°30.8′E,42 km,4.7,震度４
2021/06/09,22:05:55.1,岩手県沖,40°05.4′N,142°25.7′E,38 km,5.0,震度３
2021/06/09,07:34:22.2,岩手県沖,39°51.8′N,142°16.7′E,33 km,4.9,震度３
2021/06/08,16:59:58.8,熊本県熊本地方,32°39.2′N,130°41.0′E,11 km,3.9,震度４
2021/06/08,10:19:16.7,福島県沖,37°48.5′N,141°37.6′E,75 km,4.9,震度３
2021/06/07,03:11:06.9,千葉県南東沖,34°34.4′N,140°13.6′E,93 km,5.1,震度３
2021/06/03,10:31:52.0,富山湾,37°14.9′N,137°09.6′E,15 km,4.1,震度３
2021/05/29,19:10:41.2,浦河沖,42°02.7′N,142°39.1′E,63 km,4.9,震度３
2021/05/26,08:57:40.6,和歌山県南部,33°55.7′N,135°24.5′E,51 km,3.9,震度３
2021/05/24,04:09:17.3,茨城県南部,35°56.2′N,140°07.5′E,62 km,4.3,震度３
2021/05/21,07:16:05.4,栃木県北部,37°03.1′N,139°50.6′E,9 km,4.2,震度３
2021/05/16,15:41:10.6,福島県沖,37°35.9′N,141°33.5′E,53 km,4.5,震度３
2021/05/16,12:23:54.1,十勝沖,42°06.0′N,144°28.4′E,8 km,6.1,震度３
2021/05/16,10:08:50.3,千葉県北東部,35°30.8′N,140°24.6′E,19 km,3.7,震度３
2021/05/16,01:20:44.3,岐阜県飛騨地方,36°03.1′N,137°35.1′E,5 km,3.4,震度３
2021/05/14,20:46:51.2,日高地方中部,42°29.4′N,142°35.6′E,20 km,4.6,震度４
2021/05/14,08:58:14.2,福島県沖,37°41.9′N,141°45.7′E,46 km,6.3,震度４
2021/05/10,20:29:24.4,空知地方中部,43°40.7′N,141°40.4′E,5 km,3.3,震度３
2021/05/06,09:16:50.6,熊本県熊本地方,32°41.5′N,130°42.5′E,14 km,4.0,震度４
2021/05/05,03:10:46.1,福島県沖,37°11.6′N,141°40.2′E,36 km,5.1,震度３
2021/05/03,08:00:37.5,十勝地方中部,42°40.7′N,143°03.9′E,79 km,4.2,震度３
2021/05/01,10:27:26.9,宮城県沖,38°10.4′N,141°44.4′E,51 km,6.8,震度５強
2021/04/30,06:47:25.2,伊豆大島近海,34°47.1′N,139°14.9′E,10 km,3.1,震度３
2021/04/24,18:35:12.3,岩手県沖,39°59.4′N,142°04.5′E,57 km,4.3,震度３
2021/04/24,12:12:28.8,山梨県中・西部,35°15.7′N,138°25.8′E,20 km,3.3,震度３
2021/04/23,14:12:20.6,福島県沖,37°06.3′N,141°06.7′E,51 km,4.0,震度３
2021/04/21,21:29:49.5,伊豆大島近海,34°47.6′N,139°14.7′E,11 km,4.3,震度３
2021/04/21,20:46:49.7,伊豆大島近海,34°48.0′N,139°15.3′E,14 km,3.1,震度３
2021/04/21,07:45:23.7,トカラ列島近海,29°22.2′N,129°28.5′E,16 km,4.1,震度４
2021/04/20,19:26:23.5,トカラ列島近海,29°19.9′N,129°32.0′E,11 km,3.0,震度３
2021/04/19,13:06:22.1,宮城県沖,38°02.5′N,141°25.1′E,65 km,4.7,震度３
2021/04/18,09:29:11.2,宮城県沖,38°19.0′N,141°51.8′E,48 km,5.8,震度４
2021/04/18,05:14:34.6,広島県北部,35°00.7′N,132°56.1′E,7 km,3.6,震度４
2021/04/16,08:33:06.9,秋田県沖,39°51.4′N,139°44.9′E,10 km,3.9,震度３
2021/04/16,05:47:51.9,内浦湾,42°18.3′N,140°33.4′E,18 km,4.4,震度３
2021/04/16,04:28:57.7,秋田県沖,39°51.2′N,139°44.9′E,10 km,3.9,震度３
2021/04/14,13:53:28.3,トカラ列島近海,29°19.6′N,129°26.0′E,12 km,3.7,震度３
2021/04/14,12:27:44.3,青森県東方沖,41°30.2′N,142°02.4′E,56 km,4.4,震度３
2021/04/13,23:36:57.2,トカラ列島近海,29°20.0′N,129°26.9′E,17 km,3.6,震度３
2021/04/13,22:53:00.2,長野県北部,36°30.3′N,137°45.5′E,2 km,3.6,震度３
2021/04/13,16:54:18.3,和歌山県南部,33°46.1′N,135°26.1′E,18 km,4.2,震度３
2021/04/13,10:54:36.9,トカラ列島近海,29°17.7′N,129°18.0′E,17 km,3.5,震度３
2021/04/12,23:01:47.6,トカラ列島近海,29°18.0′N,129°20.7′E,14 km,5.3,震度４
2021/04/12,04:18:18.7,トカラ列島近海,29°19.5′N,129°25.5′E,20 km,4.0,震度３
2021/04/11,21:14:15.0,トカラ列島近海,29°17.9′N,129°19.5′E,17 km,4.5,震度３
2021/04/11,21:00:22.9,トカラ列島近海,29°18.7′N,129°19.6′E,18 km,3.9,震度４
2021/04/11,19:35:01.5,トカラ列島近海,29°17.2′N,129°19.2′E,17 km,3.6,震度３
2021/04/11,15:41:56.4,トカラ列島近海,29°19.1′N,129°22.4′E,15 km,3.6,震度３
2021/04/11,08:00:21.5,トカラ列島近海,29°17.9′N,129°17.3′E,20 km,4.4,震度３
2021/04/11,05:44:24.1,トカラ列島近海,29°19.3′N,129°23.5′E,21 km,3.5,震度３
2021/04/11,05:40:36.8,トカラ列島近海,29°19.5′N,129°23.3′E,20 km,4.6,震度４
2021/04/11,03:18:14.1,トカラ列島近海,29°17.1′N,129°18.0′E,22 km,4.4,震度３
2021/04/11,01:35:18.3,トカラ列島近海,29°19.6′N,129°18.0′E,25 km,3.7,震度３
2021/04/10,23:29:30.6,トカラ列島近海,29°18.5′N,129°20.5′E,19 km,3.4,震度３
2021/04/10,23:09:57.5,トカラ列島近海,29°21.5′N,129°19.6′E,23 km,3.9,震度３
2021/04/10,22:10:37.9,トカラ列島近海,29°18.4′N,129°20.7′E,20 km,4.6,震度３
2021/04/10,16:36:23.4,トカラ列島近海,29°18.5′N,129°16.4′E,21 km,5.1,震度４
2021/04/10,15:52:09.8,トカラ列島近海,29°19.0′N,129°18.3′E,19 km,4.5,震度３
2021/04/10,14:07:30.7,トカラ列島近海,29°18.1′N,129°20.5′E,16 km,3.8,震度３
2021/04/10,10:54:56.3,トカラ列島近海,29°17.8′N,129°21.5′E,18 km,3.7,震度３
2021/04/10,07:07:30.2,トカラ列島近海,29°18.9′N,129°25.4′E,22 km,5.3,震度４
2021/04/10,06:05:33.4,トカラ列島近海,29°18.6′N,129°25.8′E,19 km,3.9,震度３
2021/04/05,06:22:00.3,静岡県西部,34°40.5′N,137°41.9′E,36 km,4.3,震度３
2021/04/05,02:42:53.7,網走地方,43°28.7′N,144°02.0′E,0 km,3.3,震度３
2021/04/05,02:19:59.0,網走地方,43°28.5′N,144°01.9′E,0 km,3.5,震度３
2021/04/04,20:27:52.7,沖縄本島近海,27°24.6′N,128°37.3′E,45 km,3.7,震度３
2021/04/03,21:58:26.5,宮城県沖,38°54.2′N,142°04.3′E,45 km,4.5,震度３
2021/04/02,06:38:28.7,鹿児島県薩摩地方,31°44.1′N,130°31.3′E,8 km,2.8,震度３
2021/04/01,13:30:03.8,青森県東方沖,41°30.7′N,142°04.7′E,55 km,4.7,震度３
2021/03/31,03:08:46.9,駿河湾,35°01.7′N,138°32.1′E,25 km,3.9,震度３
2021/03/28,09:26:55.8,八丈島東方沖,33°39.1′N,140°25.1′E,55 km,5.6,震度３
2021/03/20,18:09:44.8,宮城県沖,38°28.0′N,141°37.6′E,59 km,6.9,震度５強
2021/03/20,01:50:51.6,熊本県熊本地方,32°29.9′N,130°34.5′E,14 km,4.0,震度３
2021/03/17,17:28:49.5,福島県沖,37°41.7′N,141°36.8′E,57 km,5.2,震度４
2021/03/16,04:56:18.1,茨城県南部,36°09.2′N,139°49.1′E,54 km,4.9,震度４
2021/03/15,11:37:23.8,和歌山県北部,34°01.6′N,135°15.1′E,5 km,3.1,震度３
2021/03/15,00:59:15.3,和歌山県北部,34°01.7′N,135°14.4′E,4 km,3.4,震度３
2021/03/15,00:25:59.3,和歌山県北部,34°01.7′N,135°14.8′E,4 km,4.6,震度５弱
2021/03/14,09:22:17.1,熊本県熊本地方,32°38.6′N,130°42.6′E,11 km,4.4,震度４
2021/03/09,08:29:58.9,宮城県沖,38°45.6′N,141°35.5′E,76 km,4.9,震度４
2021/03/04,11:22:50.8,千葉県北東部,35°44.3′N,140°52.3′E,10 km,4.3,震度３
2021/03/03,06:22:47.6,北海道東方沖,43°53.1′N,147°28.0′E,0 km,5.9,震度３
2021/02/27,06:00:56.9,トカラ列島近海,29°57.4′N,129°58.3′E,9 km,3.5,震度３
2021/02/27,02:03:49.6,福島県沖,37°45.5′N,141°42.9′E,55 km,4.8,震度３
2021/02/27,00:33:27.9,福島県沖,37°12.8′N,141°15.9′E,59 km,4.3,震度３
2021/02/26,20:31:35.3,青森県東方沖,41°03.6′N,142°05.2′E,65 km,4.5,震度３
2021/02/23,16:08:57.9,伊予灘,33°33.1′N,132°09.5′E,53 km,4.2,震度３
2021/02/22,11:57:15.8,和歌山県北部,34°13.0′N,135°12.7′E,4 km,3.3,震度３
2021/02/22,10:55:55.7,根室半島南東沖,43°06.2′N,145°46.8′E,50 km,4.4,震度３
2021/02/20,22:23:28.6,北海道東方沖,43°16.2′N,146°45.2′E,68 km,5.0,震度３
2021/02/19,18:11:09.4,岩手県内陸北部,40°09.3′N,141°11.0′E,7 km,4.2,震度４
2021/02/19,10:07:10.8,福島県沖,37°40.7′N,141°33.0′E,53 km,4.6,震度３
2021/02/18,03:58:29.6,愛知県西部,35°03.9′N,137°17.7′E,39 km,4.2,震度３
2021/02/18,01:46:42.8,沖縄本島近海,27°25.0′N,128°36.8′E,44 km,4.0,震度３
2021/02/17,23:06:18.3,福島県沖,37°37.7′N,141°35.5′E,56 km,4.6,震度３
2021/02/15,21:26:04.7,福島県沖,37°31.1′N,141°29.4′E,48 km,5.5,震度３
2021/02/15,13:28:16.0,和歌山県北部,34°13.0′N,135°12.5′E,4 km,4.0,震度４
2021/02/14,16:31:50.2,福島県沖,37°31.0′N,141°25.7′E,50 km,5.2,震度４
2021/02/14,03:25:28.4,岩手県沖,39°05.1′N,142°24.4′E,47 km,5.1,震度３
2021/02/13,23:51:42.5,福島県沖,37°39.3′N,141°38.4′E,56 km,5.2,震度３
2021/02/13,23:36:43.9,福島県沖,37°36.4′N,141°35.9′E,58 km,4.6,震度３
2021/02/13,23:07:50.5,福島県沖,37°43.7′N,141°41.9′E,55 km,7.3,震度６強
2021/02/13,19:52:29.2,山梨県中・西部,35°44.7′N,138°31.3′E,12 km,3.6,震度３
2021/02/06,04:10:01.2,上川地方北部,44°53.6′N,142°06.8′E,2 km,3.9,震度３
2021/02/04,12:40:10.0,茨城県沖,36°36.4′N,140°59.0′E,46 km,3.9,震度３
2021/02/02,03:01:56.3,栃木県北部,36°38.7′N,139°25.1′E,7 km,4.0,震度４
2021/02/01,23:30:09.9,徳島県北部,34°00.0′N,134°25.8′E,7 km,4.0,震度３
2021/01/27,17:45:23.3,内浦湾,41°55.9′N,140°58.0′E,8 km,2.7,震度３
2021/01/27,14:06:52.8,胆振地方中東部,42°42.6′N,142°01.2′E,128 km,5.4,震度４
2021/01/26,08:25:20.7,茨城県沖,36°27.3′N,140°38.5′E,64 km,4.2,震度３
2021/01/24,00:57:34.6,熊本県熊本地方,32°35.8′N,130°39.7′E,13 km,3.9,震度３
2021/01/23,01:03:56.6,福島県沖,37°15.9′N,141°32.6′E,22 km,4.6,震度３
2021/01/01,01:53:36.1,新島・神津島近海,34°28.8′N,139°18.2′E,12 km,4.7,震度４
2020/12/30,09:35:28.3,茨城県沖,36°27.0′N,140°37.0′E,56 km,5.2,震度４
2020/12/24,02:55:53.4,奈良県,34°15.2′N,136°07.4′E,28 km,3.6,震度３
2020/12/21,02:23:21.5,青森県東方沖,40°46.9′N,142°41.5′E,43 km,6.5,震度５弱
2020/12/21,00:39:11.0,新島・神津島近海,34°29.0′N,139°18.8′E,10 km,3.5,震度３
2020/12/18,21:39:08.5,新島・神津島近海,34°30.4′N,139°17.5′E,8 km,3.8,震度３
2020/12/18,20:36:33.0,新島・神津島近海,34°30.1′N,139°18.4′E,8 km,4.6,震度４
2020/12/18,20:20:38.5,新島・神津島近海,34°30.0′N,139°18.4′E,7 km,3.2,震度３
2020/12/18,18:09:56.6,新島・神津島近海,34°29.2′N,139°18.2′E,11 km,5.0,震度５弱
2020/12/17,16:42:44.2,茨城県南部,36°03.4′N,139°56.2′E,45 km,4.6,震度４
2020/12/16,10:28:07.3,釧路沖,42°41.4′N,144°12.0′E,66 km,5.0,震度３
2020/12/12,16:18:54.3,岩手県沖,40°05.6′N,142°06.5′E,48 km,5.6,震度５弱
2020/12/11,08:27:52.9,鹿児島県薩摩地方,32°11.7′N,130°19.2′E,11 km,3.8,震度３
2020/12/01,07:54:33.0,サハリン西方沖,48°05.8′N,141°10.8′E,619 km,6.7,震度３
2020/11/25,11:20:19.3,茨城県南部,36°02.6′N,139°53.5′E,44 km,4.3,震度３
2020/11/22,19:05:53.9,茨城県沖,36°35.4′N,141°06.0′E,45 km,5.7,震度５弱
2020/11/06,17:56:39.5,青森県東方沖,40°55.9′N,143°14.8′E,17 km,5.7,震度３
2020/11/06,04:51:22.4,秋田県内陸北部,40°01.4′N,140°35.1′E,6 km,4.2,震度３
2020/11/03,10:29:03.2,熊本県熊本地方,32°38.0′N,130°42.5′E,6 km,3.3,震度３
2020/11/03,06:40:33.4,熊本県熊本地方,32°38.1′N,130°42.5′E,6 km,3.0,震度３
2020/10/28,15:58:31.1,千葉県北西部,35°48.3′N,140°06.8′E,69 km,4.4,震度３
2020/10/19,03:27:59.1,岐阜県美濃中西部,35°12.7′N,136°37.8′E,42 km,4.1,震度３
2020/10/17,13:00:09.9,新潟県中越地方,36°58.4′N,138°37.4′E,10 km,3.7,震度３
2020/10/13,11:11:52.7,福島県中通り,37°13.1′N,140°27.9′E,10 km,3.7,震度３
2020/10/08,12:34:26.9,トカラ列島近海,29°39.1′N,129°48.5′E,8 km,4.1,震度３
2020/10/07,09:34:06.3,熊本県熊本地方,32°42.2′N,130°46.0′E,10 km,3.5,震度３
2020/10/06,15:27:35.4,岩手県沿岸南部,39°23.1′N,141°54.8′E,94 km,4.7,震度３
2020/10/05,11:32:25.9,茨城県沖,36°20.5′N,140°39.3′E,87 km,4.5,震度３
2020/10/03,18:31:32.4,八丈島東方沖,33°32.0′N,141°02.5′E,48 km,5.8,震度３
2020/09/27,15:38:21.0,宮古島近海,24°36.8′N,125°12.0′E,28 km,4.7,震度３
2020/09/27,13:13:41.3,静岡県西部,35°04.8′N,137°47.1′E,45 km,5.1,震度４
2020/09/20,09:04:48.8,茨城県北部,36°46.9′N,140°34.4′E,8 km,4.4,震度３
2020/09/17,14:00:36.1,茨城県北部,36°27.7′N,140°36.3′E,55 km,4.3,震度３
2020/09/17,09:17:59.2,岩手県沖,39°19.9′N,142°05.2′E,48 km,4.5,震度３
2020/09/15,06:08:39.8,トカラ列島近海,29°39.4′N,129°47.2′E,8 km,3.6,震度３
2020/09/12,11:50:42.0,宮城県沖,38°41.7′N,142°15.7′E,42 km,4.9,震度３
2020/09/12,11:44:09.6,宮城県沖,38°43.3′N,142°16.2′E,43 km,6.2,震度４
2020/09/12,11:37:59.5,茨城県沖,36°31.5′N,140°41.7′E,54 km,4.0,震度３
2020/09/10,12:26:25.3,茨城県沖,36°28.7′N,140°39.8′E,19 km,4.1,震度３
2020/09/07,09:30:35.3,福井県嶺北,36°07.2′N,136°11.3′E,6 km,3.3,震度３
2020/09/07,06:33:48.4,茨城県沖,36°41.2′N,141°28.6′E,38 km,5.2,震度３
2020/09/04,09:30:21.4,福井県嶺北,36°06.8′N,136°11.4′E,7 km,3.7,震度３
2020/09/04,09:10:53.3,福井県嶺北,36°06.9′N,136°11.3′E,7 km,5.0,震度５弱
2020/09/03,00:21:34.7,父島近海,26°35.4′N,142°11.0′E,40 km,4.8,震度４
2020/09/02,19:35:42.7,根室半島南東沖,43°02.6′N,145°46.8′E,44 km,4.8,震度３
2020/09/02,02:49:58.1,石川県加賀地方,36°27.0′N,136°47.2′E,9 km,4.6,震度３
2020/09/01,13:37:09.0,十勝地方南部,42°28.5′N,143°20.9′E,50 km,3.6,震度３
2020/08/30,14:37:42.2,茨城県南部,36°11.7′N,139°48.4′E,57 km,4.4,震度３
2020/08/28,03:20:17.8,岩手県沿岸北部,40°04.3′N,141°50.8′E,51 km,4.1,震度３
2020/08/27,08:55:09.2,岐阜県美濃中西部,35°37.2′N,137°02.4′E,9 km,4.0,震度３
2020/08/22,02:32:51.8,長野県北部,36°59.0′N,138°31.4′E,10 km,3.8,震度３
2020/08/19,09:17:23.5,トカラ列島近海,29°15.7′N,129°16.5′E,17 km,3.4,震度３
2020/08/06,02:54:02.9,茨城県沖,36°13.4′N,141°36.2′E,54 km,5.6,震度３
2020/08/01,12:15:07.5,和歌山県南部,33°47.3′N,135°26.8′E,46 km,4.2,震度３
2020/07/29,05:33:23.4,茨城県沖,35°55.9′N,140°49.1′E,20 km,4.5,震度３
2020/07/25,19:39:33.6,福島県会津,37°42.0′N,140°00.2′E,7 km,4.2,震度３
2020/07/17,14:54:40.6,熊本県熊本地方,32°45.8′N,130°44.5′E,10 km,3.9,震度３
2020/07/17,13:49:35.1,福島県沖,37°33.8′N,141°37.3′E,46 km,4.6,震度３
2020/07/09,06:05:29.3,茨城県南部,36°03.8′N,139°50.6′E,45 km,4.7,震度４
2020/07/05,15:09:49.8,長野県中部,36°15.6′N,137°37.2′E,4 km,4.8,震度３
2020/07/05,07:01:19.2,岐阜県飛騨地方,36°16.8′N,137°37.0′E,4 km,4.0,震度３
2020/07/05,04:10:01.7,岐阜県飛騨地方,36°17.1′N,137°37.2′E,4 km,4.4,震度３
2020/07/03,14:12:55.0,福島県沖,37°30.4′N,141°34.3′E,46 km,4.9,震度３
2020/06/25,04:47:44.4,千葉県東方沖,35°33.2′N,141°06.7′E,36 km,6.1,震度５弱
2020/06/20,09:10:39.7,福島県会津,37°02.1′N,139°21.2′E,6 km,2.5,震度３
2020/06/19,07:25:12.7,宮古島近海,24°48.6′N,125°23.2′E,50 km,4.4,震度３
2020/06/17,15:03:03.1,岐阜県美濃中西部,35°18.6′N,136°28.0′E,6 km,4.4,震度４
2020/06/16,08:27:21.5,千葉県南部,35°02.9′N,139°55.4′E,54 km,4.1,震度３
2020/06/16,01:55:01.8,福島県沖,37°49.5′N,141°38.7′E,82 km,4.5,震度３
2020/06/14,00:51:23.0,奄美大島北西沖,28°45.8′N,128°21.3′E,165 km,6.3,震度４
2020/06/12,20:30:37.5,日向灘,32°37.5′N,132°10.7′E,40 km,4.2,震度３
2020/06/12,04:36:56.9,長野県中部,36°19.9′N,138°00.6′E,7 km,3.8,震度３
2020/06/10,00:22:40.2,土佐湾,33°19.0′N,133°21.8′E,21 km,4.7,震度４
2020/06/04,05:31:18.9,茨城県沖,36°25.7′N,140°41.5′E,52 km,4.8,震度４
2020/06/01,09:33:30.3,薩摩半島西方沖,31°34.8′N,130°20.2′E,9 km,4.3,震度４
2020/06/01,06:02:11.2,茨城県北部,36°11.4′N,140°20.6′E,97 km,5.2,震度４
2020/05/31,03:13:49.2,十勝沖,42°31.3′N,143°42.1′E,94 km,5.6,震度４
2020/05/29,19:05:14.9,長野県中部,36°15.7′N,137°38.4′E,4 km,5.3,震度４
2020/05/27,18:19:50.8,宮古島近海,24°51.0′N,125°24.5′E,51 km,5.2,震度３
2020/05/26,04:38:13.0,種子島近海,30°20.6′N,130°56.9′E,12 km,4.2,震度３
2020/05/24,21:10:19.8,三宅島近海,33°49.1′N,139°29.1′E,21 km,4.2,震度３
2020/05/23,04:33:07.2,沖縄本島近海,27°17.7′N,128°26.1′E,48 km,4.9,震度４
2020/05/22,20:11:46.5,沖縄本島近海,27°23.4′N,128°38.8′E,42 km,4.1,震度３
2020/05/19,18:45:48.2,奄美大島近海,27°59.1′N,129°29.4′E,41 km,4.5,震度３
2020/05/19,16:55:08.1,岐阜県飛騨地方,36°18.7′N,137°37.3′E,2 km,4.7,震度３
2020/05/19,16:05:03.1,岐阜県飛騨地方,36°17.3′N,137°37.7′E,3 km,4.4,震度３
2020/05/19,14:33:49.8,岐阜県飛騨地方,36°17.7′N,137°37.4′E,3 km,3.8,震度３
2020/05/19,14:23:31.0,岐阜県飛騨地方,36°17.6′N,137°37.7′E,3 km,4.7,震度３
2020/05/19,13:12:58.1,岐阜県飛騨地方,36°17.0′N,137°37.7′E,3 km,5.4,震度４
2020/05/19,12:17:12.4,福島県沖,37°30.8′N,141°25.5′E,50 km,5.4,震度４
2020/05/19,02:01:21.0,長野県中部,36°15.6′N,137°37.1′E,5 km,4.8,震度３
2020/05/18,12:00:38.4,宮城県沖,38°10.5′N,141°41.7′E,51 km,5.2,震度４
2020/05/17,20:38:26.5,紀伊水道,33°36.5′N,134°45.2′E,37 km,4.6,震度４
2020/05/16,06:27:13.9,茨城県沖,36°19.2′N,140°44.7′E,53 km,3.9,震度３
2020/05/15,06:40:14.7,宮城県沖,38°42.1′N,142°15.3′E,39 km,4.6,震度３
2020/05/14,04:30:26.2,岩手県沖,40°06.2′N,142°01.3′E,12 km,4.6,震度３
2020/05/13,22:46:24.0,釧路沖,42°52.4′N,145°03.4′E,75 km,4.0,震度３
2020/05/13,15:15:47.4,長野県中部,36°15.9′N,137°37.8′E,4 km,3.7,震度３
2020/05/13,10:28:32.2,長野県中部,36°15.7′N,137°38.1′E,3 km,4.8,震度３
2020/05/12,11:44:33.5,釧路沖,42°55.6′N,145°30.5′E,46 km,4.3,震度３
2020/05/11,08:58:33.9,茨城県沖,36°23.2′N,141°02.3′E,47 km,5.8,震度３
2020/05/10,07:42:20.4,茨城県北部,36°36.0′N,140°37.6′E,7 km,3.2,震度３
2020/05/09,06:35:16.6,岩手県沖,40°06.1′N,142°01.4′E,11 km,4.8,震度３
2020/05/06,10:16:11.9,福島県沖,37°29.0′N,141°35.6′E,46 km,4.3,震度３
2020/05/06,01:57:07.5,千葉県北西部,35°37.9′N,140°04.7′E,68 km,5.0,震度４
2020/05/04,22:34:32.5,茨城県沖,36°20.8′N,141°01.8′E,45 km,4.4,震度３
2020/05/04,22:07:49.7,千葉県北東部,35°43.8′N,140°36.6′E,48 km,5.6,震度４
2020/05/03,20:54:21.0,薩摩半島西方沖,31°18.2′N,128°43.0′E,9 km,6.2,震度３
2020/04/30,12:15:20.9,青森県東方沖,40°50.4′N,142°49.4′E,34 km,5.3,震度３
2020/04/27,11:32:17.4,長野県中部,36°14.7′N,137°38.3′E,5 km,4.8,震度３
2020/04/26,09:49:10.5,茨城県南部,36°07.9′N,140°04.8′E,66 km,4.8,震度４
2020/04/26,02:22:49.4,長野県中部,36°15.1′N,137°38.2′E,6 km,5.0,震度３
2020/04/24,04:52:26.6,青森県東方沖,41°28.8′N,141°59.5′E,65 km,5.2,震度３
2020/04/24,01:37:59.5,千葉県北東部,35°52.3′N,140°29.6′E,37 km,4.2,震度３
2020/04/23,13:57:55.1,長野県中部,36°14.1′N,137°39.0′E,5 km,5.0,震度３
2020/04/23,13:52:00.8,長野県中部,36°13.6′N,137°39.2′E,1 km,4.6,震度３
2020/04/23,13:44:22.1,長野県中部,36°13.5′N,137°39.7′E,3 km,5.5,震度４
2020/04/23,12:26:46.8,福島県浜通り,36°55.9′N,140°45.0′E,15 km,4.2,震度３
2020/04/22,02:26:26.2,長野県中部,36°13.6′N,137°39.6′E,4 km,3.8,震度３
2020/04/20,05:39:05.2,宮城県沖,38°53.2′N,142°05.9′E,46 km,6.2,震度４
2020/04/18,17:25:36.9,小笠原諸島西方沖,27°10.4′N,140°30.4′E,477 km,6.8,震度４
2020/04/16,11:18:02.6,福島県沖,37°04.4′N,141°10.0′E,50 km,4.4,震度３
2020/04/13,19:16:38.6,長野県北部,36°46.0′N,137°52.7′E,5 km,4.2,震度４
2020/04/12,00:44:48.0,茨城県南部,36°11.9′N,139°57.6′E,53 km,5.0,震度４
2020/04/08,02:53:39.1,薩摩半島西方沖,31°41.8′N,129°33.5′E,10 km,4.3,震度３
2020/04/07,14:12:01.6,日向灘,32°32.7′N,132°07.9′E,33 km,4.7,震度３
2020/04/06,05:00:09.3,石川県能登地方,37°16.0′N,136°48.7′E,12 km,4.0,震度３
2020/04/03,14:30:30.3,広島県南東部,34°27.1′N,133°22.1′E,12 km,4.1,震度３
2020/04/02,19:08:33.6,宮古島近海,24°48.2′N,125°22.4′E,49 km,4.5,震度３
2020/04/02,00:33:27.5,千葉県東方沖,35°41.7′N,140°54.8′E,13 km,4.2,震度３
2020/03/31,20:23:59.9,茨城県沖,36°23.4′N,141°02.2′E,47 km,4.7,震度３
2020/03/30,17:15:10.4,千葉県北東部,35°22.9′N,140°22.1′E,28 km,4.1,震度３
2020/03/28,09:57:51.7,浦河沖,41°55.3′N,142°21.2′E,70 km,5.0,震度３
2020/03/24,12:15:08.7,宮崎県北部平野部,32°08.4′N,131°27.5′E,19 km,3.4,震度３
2020/03/21,13:58:33.3,長野県南部,35°40.2′N,137°44.3′E,11 km,4.1,震度３
2020/03/17,17:52:32.1,トカラ列島近海,29°35.7′N,129°44.2′E,1 km,3.1,震度３
2020/03/16,20:42:16.2,福岡県北西沖,33°40.3′N,130°25.0′E,13 km,3.8,震度３
2020/03/15,11:59:53.0,長野県中部,36°06.5′N,138°21.3′E,3 km,3.7,震度３
2020/03/13,17:32:58.4,島根県西部,34°40.0′N,131°58.5′E,11 km,3.8,震度３
2020/03/13,07:15:37.6,有明海,32°48.2′N,130°32.8′E,12 km,3.8,震度３
2020/03/13,02:18:46.7,石川県能登地方,37°16.7′N,136°49.4′E,12 km,5.5,震度５強
2020/03/11,13:04:23.3,秋田県内陸南部,39°40.6′N,140°44.3′E,12 km,4.4,震度４
2020/03/09,04:28:45.8,豊後水道,33°19.3′N,132°01.7′E,59 km,4.7,震度３
2020/02/20,12:53:08.2,千葉県北東部,35°23.7′N,140°18.6′E,28 km,4.3,震度４
2020/02/20,00:50:31.4,釧路地方中南部,43°18.4′N,143°56.7′E,5 km,4.6,震度３
2020/02/19,21:53:31.7,福島県中通り,37°03.1′N,140°25.6′E,12 km,3.8,震度３
2020/02/17,12:40:50.6,茨城県南部,35°59.5′N,140°12.4′E,40 km,4.4,震度３
2020/02/13,19:33:45.1,択捉島南東沖,45°03.3′N,149°09.7′E,155 km,7.2,震度４
2020/02/12,19:37:18.8,福島県沖,37°18.6′N,141°21.5′E,87 km,5.4,震度４
2020/02/12,19:36:35.0,胆振地方中東部,42°42.0′N,141°58.5′E,41 km,4.2,震度３
2020/02/01,02:07:47.5,茨城県南部,35°58.1′N,140°03.8′E,63 km,5.3,震度４
2020/02/01,01:11:21.5,千葉県東方沖,35°40.4′N,140°42.7′E,50 km,5.0,震度３
2020/01/30,19:55:54.9,熊本県熊本地方,32°35.6′N,130°39.2′E,12 km,3.9,震度３
2020/01/30,11:54:37.3,熊本県熊本地方,33°01.3′N,130°33.2′E,9 km,3.6,震度３
2020/01/28,19:13:48.1,青森県東方沖,40°58.9′N,142°00.1′E,57 km,4.2,震度３
2020/01/28,10:36:04.2,根室半島南東沖,43°22.4′N,145°59.0′E,96 km,5.5,震度４
2020/01/22,18:52:41.8,徳島県南部,33°54.1′N,134°27.9′E,3 km,3.1,震度３
2020/01/21,19:17:54.5,茨城県沖,36°25.6′N,140°38.8′E,53 km,4.2,震度４
2020/01/17,07:11:21.1,トカラ列島近海,29°37.2′N,129°44.7′E,0 km,3.0,震度３
2020/01/16,18:36:12.7,沖縄本島近海,26°32.3′N,127°43.4′E,14 km,4.2,震度４
2020/01/15,20:31:36.4,釧路沖,42°54.5′N,145°07.0′E,91 km,4.8,震度３
2020/01/14,13:25:49.8,茨城県沖,36°07.3′N,140°52.5′E,52 km,4.9,震度３
2020/01/14,04:53:49.2,茨城県南部,36°04.6′N,139°53.0′E,46 km,4.8,震度４
2020/01/12,00:55:41.2,根室半島南東沖,43°19.2′N,146°22.6′E,48 km,4.8,震度３
2020/01/03,03:23:53.3,千葉県東方沖,35°48.6′N,141°06.9′E,34 km,5.8,震度４
2019/12/26,19:53:56.2,天草灘,32°08.2′N,130°03.2′E,8 km,3.8,震度３
2019/12/26,18:26:38.5,宮城県沖,38°31.7′N,141°48.9′E,49 km,4.7,震度３
2019/12/24,23:36:54.3,根室半島南東沖,43°29.8′N,146°09.9′E,93 km,4.8,震度３
2019/12/22,21:33:43.9,岩手県内陸南部,38°58.7′N,140°53.7′E,7 km,4.4,震度３
2019/12/22,14:24:51.0,渡島地方北部,42°03.9′N,140°26.2′E,10 km,4.2,震度３
2019/12/20,18:31:16.4,奄美大島近海,28°17.8′N,129°34.7′E,33 km,4.1,震度３
2019/12/19,15:21:33.4,青森県東方沖,40°30.7′N,142°10.7′E,50 km,5.5,震度５弱
2019/12/19,09:23:42.0,茨城県沖,36°17.2′N,140°40.1′E,89 km,4.1,震度３
2019/12/18,20:54:16.2,根室半島南東沖,43°24.5′N,145°56.7′E,98 km,4.4,震度３
2019/12/18,08:35:22.1,沖縄本島近海,27°18.3′N,128°25.9′E,47 km,5.1,震度４
2019/12/16,06:52:01.4,胆振地方中東部,42°45.6′N,141°53.7′E,31 km,4.4,震度３
2019/12/16,04:13:51.5,千葉県東方沖,35°09.2′N,140°33.9′E,59 km,4.3,震度３
2019/12/14,03:24:03.7,伊豆大島近海,35°01.8′N,139°27.0′E,33 km,4.3,震度３
2019/12/12,01:09:49.5,宗谷地方北部,45°06.3′N,141°52.7′E,7 km,4.2,震度５弱
2019/12/11,18:39:07.6,福島県沖,37°43.7′N,141°48.0′E,41 km,5.3,震度３
2019/12/07,12:33:49.2,福島県沖,37°22.8′N,141°46.6′E,41 km,4.6,震度３
2019/12/05,23:54:11.2,大隅半島東方沖,31°06.7′N,131°26.7′E,30 km,4.7,震度３
2019/12/05,22:35:16.2,茨城県北部,36°48.5′N,140°32.7′E,8 km,4.6,震度３
2019/12/04,19:35:05.2,栃木県北部,36°57.2′N,139°40.8′E,7 km,4.8,震度４
2019/12/04,18:12:56.0,茨城県南部,36°08.2′N,139°48.1′E,51 km,4.0,震度３
2019/12/04,13:27:40.9,栃木県北部,36°57.2′N,139°40.9′E,7 km,3.9,震度３
2019/12/04,10:38:53.1,茨城県北部,36°48.5′N,140°32.3′E,9 km,4.9,震度４
2019/12/03,10:18:04.6,茨城県南部,36°08.5′N,139°49.0′E,52 km,4.7,震度４
2019/12/03,08:25:17.4,岩手県沖,40°11.9′N,142°01.8′E,42 km,4.5,震度３
2019/12/03,07:54:18.3,西表島付近,24°15.0′N,123°48.0′E,17 km,4.2,震度３
2019/11/29,13:01:39.5,三陸沖,39°07.5′N,143°02.0′E,26 km,5.6,震度３
2019/11/28,16:41:15.4,釧路沖,42°49.5′N,145°14.9′E,49 km,4.7,震度３
2019/11/26,16:24:36.6,長野県南部,35°48.1′N,137°29.8′E,8 km,3.2,震度３
2019/11/26,15:09:10.9,瀬戸内海中部,34°02.7′N,133°03.8′E,16 km,4.6,震度４
2019/11/26,07:58:11.1,瀬戸内海中部,34°02.7′N,133°03.6′E,15 km,3.8,震度３
2019/11/23,21:58:09.9,北海道東方沖,43°37.0′N,147°10.7′E,34 km,5.4,震度３
2019/11/22,18:05:08.1,日向灘,31°56.2′N,131°54.7′E,24 km,5.2,震度３
2019/11/22,05:23:49.9,茨城県南部,36°04.2′N,139°53.4′E,45 km,4.5,震度３
2019/11/17,20:05:33.1,伊豆大島近海,34°38.3′N,139°03.1′E,13 km,4.7,震度４
2019/11/16,18:16:58.8,宮城県沖,38°18.5′N,141°54.4′E,64 km,4.0,震度３
2019/11/12,21:55:36.8,茨城県沖,36°25.6′N,141°01.0′E,46 km,4.4,震度３
2019/11/12,08:25:48.0,岐阜県飛騨地方,36°03.2′N,137°34.2′E,7 km,3.5,震度３
2019/11/08,18:18:23.3,茨城県沖,36°32.4′N,140°50.2′E,52 km,4.4,震度４
2019/11/06,20:11:25.8,トカラ列島近海,29°36.8′N,129°43.3′E,0 km,2.6,震度３
2019/11/03,14:02:41.9,福島県沖,37°17.9′N,141°46.6′E,42 km,5.0,震度３
2019/10/30,04:32:13.4,京都府南部,34°58.6′N,135°32.8′E,13 km,3.4,震度３
2019/10/17,22:27:16.6,熊本県熊本地方,32°37.6′N,130°45.3′E,3 km,2.4,震度３
2019/10/16,03:02:41.3,茨城県北部,36°28.1′N,140°34.8′E,64 km,3.8,震度３
2019/10/15,15:57:17.6,上川地方北部,44°41.2′N,142°17.7′E,0 km,3.3,震度３
2019/10/12,18:21:53.6,千葉県南東沖,34°40.4′N,140°38.9′E,75 km,5.4,震度４
2019/10/09,16:48:16.1,東京都２３区,35°42.9′N,139°36.6′E,27 km,3.5,震度３
2019/10/07,08:02:30.7,安芸灘,33°50.1′N,132°21.4′E,50 km,4.3,震度３
2019/09/30,01:02:31.4,茨城県北部,36°27.4′N,140°36.5′E,56 km,4.3,震度３
2019/09/29,16:47:44.0,熊本県熊本地方,32°33.7′N,130°38.9′E,11 km,3.8,震度３
2019/09/28,02:33:12.7,天草灘,32°21.8′N,129°49.4′E,14 km,4.0,震度３
2019/09/25,17:28:48.1,岩手県沖,39°20.4′N,142°03.7′E,48 km,4.4,震度３
2019/09/16,01:27:09.5,青森県東方沖,41°12.0′N,142°02.8′E,58 km,4.5,震度３
2019/09/15,12:02:40.0,岩手県沖,39°20.3′N,142°04.2′E,48 km,4.3,震度３
2019/09/07,18:35:50.8,青森県東方沖,41°34.3′N,142°04.2′E,64 km,5.0,震度３
2019/09/07,00:31:46.9,新潟県中越地方,37°07.2′N,138°36.7′E,12 km,2.8,震度３
2019/09/06,09:08:16.4,熊本県熊本地方,32°41.2′N,130°42.2′E,12 km,3.5,震度３
2019/08/31,18:03:17.5,長野県南部,35°52.7′N,138°07.7′E,11 km,4.1,震度３
2019/08/29,08:46:39.3,青森県東方沖,40°58.8′N,143°01.6′E,21 km,6.1,震度３
2019/08/27,23:58:34.0,石川県能登地方,37°27.5′N,137°14.8′E,10 km,3.8,震度３
2019/08/27,00:13:30.9,神奈川県西部,35°29.9′N,139°04.1′E,14 km,4.2,震度３
2019/08/24,13:52:46.5,福島県沖,37°23.2′N,142°25.1′E,25 km,5.6,震度３
2019/08/24,08:44:52.3,石垣島近海,24°21.9′N,124°42.4′E,54 km,5.2,震度３
2019/08/24,03:05:22.5,宮城県沖,38°24.2′N,141°53.4′E,54 km,4.2,震度３
2019/08/20,17:20:24.2,奄美大島近海,28°01.7′N,130°12.2′E,46 km,4.9,震度３
2019/08/18,19:06:40.8,新潟県下越沖,38°32.8′N,139°23.8′E,11 km,4.4,震度３
2019/08/15,15:06:08.6,青森県三八上北地方,40°47.5′N,141°19.4′E,91 km,4.5,震度３
2019/08/15,14:32:52.9,青森県三八上北地方,40°47.5′N,141°20.3′E,93 km,5.5,震度４
2019/08/04,19:23:03.5,福島県沖,37°42.4′N,141°37.9′E,45 km,6.4,震度５弱
2019/08/04,03:04:18.5,岩手県沿岸北部,39°39.8′N,141°30.7′E,73 km,4.4,震度３
2019/07/30,15:52:48.3,胆振地方中東部,42°37.2′N,141°59.6′E,28 km,4.2,震度３
2019/07/30,05:37:43.9,八丈島東方沖,32°54.7′N,140°46.6′E,59 km,5.9,震度３
2019/07/29,00:34:57.4,千葉県東方沖,35°48.7′N,140°56.4′E,24 km,4.3,震度３
2019/07/28,03:31:06.7,三重県南東沖,33°09.6′N,137°23.8′E,393 km,6.6,震度４
2019/07/25,07:14:22.6,千葉県東方沖,35°08.8′N,140°34.1′E,58 km,5.1,震度３
2019/07/22,10:39:13.9,熊本県天草・芦北地方,32°25.8′N,130°29.7′E,11 km,4.0,震度３
2019/07/17,18:00:20.5,宮城県北部,38°57.9′N,141°36.8′E,78 km,4.7,震度３
2019/07/17,00:25:43.8,福島県沖,37°10.4′N,141°23.3′E,47 km,4.3,震度３
2019/07/14,22:23:17.7,十勝地方中部,42°45.5′N,143°25.3′E,107 km,4.0,震度３
2019/07/13,09:57:43.0,奄美大島北西沖,29°14.1′N,128°10.7′E,256 km,6.0,震度３
2019/07/11,16:04:25.5,新潟県下越沖,38°33.1′N,139°24.0′E,11 km,4.3,震度３
2019/07/08,22:54:21.5,神奈川県西部,35°30.3′N,139°05.1′E,23 km,4.3,震度３
2019/07/05,16:43:23.4,静岡県伊豆地方,35°02.8′N,139°06.1′E,5 km,3.3,震度３
2019/07/04,03:06:31.8,根室半島南東沖,43°20.9′N,146°09.3′E,49 km,4.3,震度３
2019/06/27,10:32:32.7,熊本県天草・芦北地方,32°16.0′N,130°30.6′E,7 km,3.5,震度３
2019/06/24,19:22:39.4,伊豆半島東方沖,35°04.0′N,139°06.0′E,8 km,4.1,震度４
2019/06/24,09:11:44.1,千葉県南東沖,34°55.7′N,139°57.8′E,61 km,5.2,震度４
2019/06/21,05:33:23.3,山形県沖,38°36.4′N,139°27.1′E,13 km,4.0,震度３
2019/06/19,00:57:24.4,新潟県下越沖,38°33.6′N,139°23.7′E,12 km,4.2,震度４
2019/06/18,22:41:23.4,新潟県下越沖,38°35.1′N,139°24.5′E,12 km,4.1,震度３
2019/06/18,22:37:20.8,山形県沖,38°37.2′N,139°26.8′E,12 km,3.8,震度３
2019/06/18,22:27:57.5,山形県沖,38°37.0′N,139°29.4′E,13 km,4.0,震度３
2019/06/18,22:22:19.9,山形県沖,38°36.4′N,139°28.7′E,14 km,6.7,震度６強
2019/06/17,17:18:49.0,長野県南部,35°54.2′N,137°37.9′E,9 km,3.5,震度３
2019/06/17,08:00:09.4,茨城県北部,36°30.9′N,140°35.0′E,77 km,5.1,震度４
2019/06/11,10:21:18.1,宮城県沖,38°24.9′N,141°38.9′E,59 km,4.5,震度３
2019/06/08,12:45:58.6,茨城県南部,36°11.2′N,139°58.1′E,52 km,4.0,震度３
2019/06/06,05:15:09.6,茨城県南部,36°02.7′N,139°55.9′E,43 km,3.8,震度３
2019/06/04,13:39:15.9,鳥島近海,29°03.3′N,139°39.7′E,445 km,6.2,震度４
2019/06/01,07:58:10.6,千葉県北東部,35°22.1′N,140°17.6′E,35 km,4.7,震度４
2019/05/31,22:48:55.5,胆振地方中東部,42°49.1′N,141°59.1′E,36 km,4.1,震度３
2019/05/27,04:04:15.2,茨城県北部,36°41.5′N,140°39.1′E,11 km,4.3,震度４
2019/05/25,15:20:46.6,千葉県北東部,35°21.4′N,140°17.4′E,38 km,5.1,震度５弱
2019/05/24,12:40:17.1,埼玉県南部,35°57.0′N,139°24.8′E,106 km,4.1,震度３
2019/05/21,07:17:34.8,大阪府北部,34°53.4′N,135°35.7′E,11 km,3.5,震度３
2019/05/20,07:48:56.6,千葉県南東沖,35°00.0′N,140°04.6′E,17 km,3.9,震度３
2019/05/18,10:18:03.3,宮城県北部,38°54.4′N,141°35.3′E,78 km,4.6,震度３
2019/05/15,14:24:31.2,奄美大島北東沖,29°44.6′N,130°41.1′E,36 km,5.7,震度３
2019/05/12,15:07:43.7,日向灘,32°42.3′N,132°17.6′E,37 km,4.3,震度３
2019/05/11,08:59:40.0,日向灘,32°41.4′N,132°17.6′E,36 km,5.0,震度４
2019/05/10,09:07:35.7,日向灘,31°46.0′N,131°56.9′E,24 km,4.9,震度３
2019/05/10,08:48:41.6,日向灘,31°48.0′N,131°58.4′E,25 km,6.3,震度５弱
2019/05/10,07:43:21.2,日向灘,31°47.1′N,131°59.5′E,25 km,5.6,震度３
2019/05/08,09:20:00.8,岩手県沖,40°04.4′N,142°06.9′E,48 km,4.4,震度４
2019/05/05,01:40:25.8,根室半島南東沖,43°10.6′N,146°25.6′E,52 km,5.3,震度４
2019/05/04,11:41:31.3,宮城県沖,38°17.9′N,141°53.0′E,46 km,4.5,震度３
2019/04/28,02:24:47.1,十勝地方南部,42°33.6′N,142°52.7′E,102 km,5.6,震度４
2019/04/25,21:00:01.6,宮城県沖,38°32.3′N,141°34.2′E,63 km,4.3,震度３
2019/04/25,00:18:57.2,釧路地方北部,43°36.0′N,144°22.7′E,2 km,2.3,震度３
2019/04/15,05:28:30.3,釧路沖,42°29.1′N,144°49.0′E,43 km,5.1,震度３
2019/04/13,15:12:40.4,千葉県北東部,35°25.0′N,140°17.8′E,27 km,3.2,震度３
2019/04/13,12:23:03.1,長野県南部,35°56.8′N,137°42.1′E,9 km,4.1,震度３
2019/04/11,17:18:18.1,三陸沖,40°21.7′N,143°24.2′E,5 km,6.2,震度３
2019/04/11,17:06:56.4,岡山県北部,34°59.2′N,133°48.9′E,19 km,3.4,震度３
2019/04/05,17:23:14.3,千葉県南東沖,34°41.0′N,140°06.9′E,63 km,4.4,震度３
2019/03/30,05:55:42.5,種子島近海,30°35.3′N,131°09.3′E,32 km,5.0,震度３
2019/03/27,15:38:03.3,日向灘,32°09.8′N,132°09.0′E,21 km,5.4,震度４
2019/03/27,09:11:23.3,日向灘,32°09.1′N,132°09.3′E,15 km,5.4,震度３
2019/03/23,15:51:31.4,沖縄本島近海,27°07.1′N,128°27.8′E,16 km,3.7,震度３
2019/03/20,18:31:50.7,熊本県熊本地方,32°47.2′N,130°39.7′E,11 km,3.5,震度３
2019/03/19,23:35:49.7,新島・神津島近海,34°21.5′N,139°13.7′E,7 km,3.1,震度３
2019/03/17,06:07:22.5,千葉県東方沖,35°44.3′N,140°54.6′E,13 km,4.1,震度３
2019/03/13,13:48:48.7,紀伊水道,33°48.0′N,134°54.8′E,43 km,5.3,震度４
2019/03/11,15:37:51.2,愛媛県南予,33°11.4′N,132°42.7′E,38 km,4.6,震度３
2019/03/11,02:10:50.5,福島県沖,36°45.7′N,142°24.3′E,18 km,6.0,震度３
2019/03/09,01:08:03.5,岐阜県美濃中西部,35°22.3′N,136°41.0′E,42 km,4.4,震度４
2019/03/07,04:26:01.5,宮城県沖,38°43.2′N,141°38.0′E,70 km,4.6,震度４
2019/03/02,12:22:55.5,根室半島南東沖,42°00.4′N,146°51.7′E,51 km,6.2,震度４
2019/03/02,06:03:23.4,茨城県沖,36°27.1′N,141°03.1′E,44 km,4.4,震度３
2019/03/01,18:39:21.2,熊本県阿蘇地方,32°57.4′N,131°04.4′E,8 km,3.4,震度３
2019/02/27,16:25:31.7,岐阜県飛騨地方,36°03.3′N,137°35.0′E,8 km,3.7,震度３
2019/02/23,14:30:49.5,天草灘,32°31.6′N,129°56.1′E,14 km,4.4,震度３
2019/02/23,02:03:24.9,胆振地方中東部,42°46.2′N,141°58.9′E,30 km,3.9,震度３
2019/02/21,21:22:40.4,胆振地方中東部,42°45.9′N,142°00.2′E,33 km,5.8,震度６弱
2019/02/19,21:04:09.5,長野県北部,36°27.7′N,137°39.7′E,0 km,4.7,震度３
2019/02/19,17:09:58.9,奄美大島近海,28°12.5′N,129°31.9′E,34 km,4.1,震度３
2019/02/14,01:13:20.7,伊豆大島近海,34°45.4′N,139°18.0′E,0 km,3.4,震度３
2019/02/10,14:34:24.4,奄美大島近海,28°16.4′N,129°30.2′E,36 km,4.9,震度４
2019/02/08,06:34:10.1,静岡県中部,35°09.1′N,138°25.6′E,21 km,4.0,震度３
2019/01/26,17:23:01.6,岩手県沖,40°16.8′N,142°19.6′E,38 km,5.6,震度４
2019/01/26,14:16:33.2,熊本県熊本地方,33°00.9′N,130°34.2′E,10 km,4.3,震度５弱
2019/01/21,23:17:09.9,豊後水道,32°52.3′N,132°19.9′E,33 km,4.4,震度３
2019/01/19,05:04:01.1,青森県東方沖,40°44.3′N,142°33.8′E,29 km,4.9,震度３
2019/01/18,21:46:25.1,茨城県南部,35°55.2′N,140°25.9′E,54 km,5.3,震度３
2019/01/14,13:23:42.3,茨城県南部,36°09.7′N,139°48.6′E,53 km,4.9,震度４
2019/01/08,21:39:30.0,種子島近海,30°34.3′N,131°09.8′E,30 km,6.0,震度４
2019/01/08,10:01:10.4,奄美大島近海,28°25.7′N,129°28.4′E,9 km,4.0,震度４
2019/01/06,17:34:10.7,宮城県北部,38°41.7′N,141°28.4′E,102 km,4.5,震度３
2019/01/03,18:10:27.6,熊本県熊本地方,33°01.6′N,130°33.2′E,10 km,5.1,震度６弱
2018/12/31,23:10:23.2,福島県沖,37°20.5′N,141°33.6′E,45 km,5.0,震度３
2018/12/30,04:08:30.9,十勝地方南部,42°19.6′N,143°06.8′E,51 km,5.3,震度４
2018/12/21,06:00:56.9,胆振地方中東部,42°41.3′N,141°58.2′E,32 km,3.5,震度３
2018/12/20,15:58:27.0,富山県東部,36°29.9′N,137°29.6′E,6 km,4.3,震度３
2018/12/16,01:28:18.4,岩手県沿岸南部,39°15.8′N,141°43.1′E,62 km,4.6,震度３
2018/12/15,22:14:46.4,秋田県内陸南部,39°29.3′N,140°25.4′E,10 km,3.0,震度３
2018/12/14,17:04:33.6,宮城県沖,37°51.6′N,142°29.0′E,44 km,4.8,震度３
2018/12/12,17:49:56.1,茨城県北部,36°26.8′N,140°34.7′E,56 km,4.3,震度３
2018/12/11,01:05:17.4,宮崎県南部山沿い,32°03.6′N,130°49.4′E,6 km,3.4,震度３
2018/12/09,00:36:53.2,胆振地方中東部,42°43.1′N,141°54.7′E,29 km,4.0,震度３
2018/12/08,10:54:02.5,福島県沖,37°01.8′N,141°20.6′E,50 km,5.0,震度４
2018/12/03,17:15:17.4,青森県東方沖,40°51.9′N,141°25.0′E,87 km,4.6,震度３
2018/12/03,17:08:23.1,和歌山県北部,33°51.9′N,135°24.4′E,48 km,4.0,震度３
2018/11/28,20:14:54.7,茨城県沖,36°26.5′N,141°00.4′E,46 km,4.5,震度３
2018/11/28,11:23:24.5,青森県東方沖,41°20.2′N,143°13.3′E,11 km,5.7,震度３
2018/11/27,08:33:51.1,茨城県南部,36°04.3′N,139°51.8′E,44 km,5.0,震度４
2018/11/25,18:19:03.9,徳島県南部,33°55.3′N,134°34.4′E,42 km,4.1,震度３
2018/11/23,23:30:14.1,福島県沖,37°04.3′N,141°10.3′E,50 km,5.0,震度４
2018/11/21,04:09:49.9,種子島近海,30°24.0′N,130°09.0′E,123 km,5.2,震度３
2018/11/20,15:10:08.1,青森県東方沖,41°28.2′N,141°51.7′E,28 km,4.1,震度３
2018/11/16,11:49:12.0,岩手県沖,39°37.9′N,142°06.2′E,48 km,4.1,震度３
2018/11/14,19:07:30.1,胆振地方中東部,42°41.8′N,141°57.9′E,32 km,4.7,震度４
2018/11/12,04:00:38.8,千葉県南部,35°14.4′N,140°17.8′E,6 km,3.7,震度３
2018/11/08,07:35:23.9,陸奥湾,41°01.5′N,140°42.3′E,16 km,3.6,震度３
2018/11/05,23:46:57.5,奄美大島北東沖,29°16.1′N,130°36.5′E,62 km,4.9,震度３
2018/11/05,08:19:16.8,紀伊水道,33°43.6′N,135°17.0′E,45 km,4.6,震度３
2018/11/05,04:26:01.6,国後島付近,44°36.5′N,145°48.3′E,20 km,6.3,震度４
2018/11/02,16:53:54.1,紀伊水道,33°41.7′N,135°11.7′E,44 km,5.4,震度４
2018/10/27,20:39:11.6,岩手県沖,40°09.0′N,142°22.3′E,37 km,4.8,震度３
2018/10/27,09:08:02.2,茨城県沖,36°48.1′N,141°21.8′E,41 km,5.0,震度３
2018/10/26,12:04:53.3,国後島付近,44°31.5′N,145°39.3′E,20 km,5.5,震度３
2018/10/26,03:36:09.8,宮城県沖,38°16.7′N,141°48.6′E,49 km,5.7,震度４
2018/10/24,16:56:29.0,岐阜県飛騨地方,36°04.4′N,137°28.6′E,9 km,3.1,震度３
2018/10/24,01:04:04.1,与那国島近海,23°58.1′N,122°36.1′E,28 km,6.3,震度３
2018/10/23,20:06:20.6,宮城県沖,38°16.2′N,141°53.8′E,46 km,4.7,震度３
2018/10/23,13:34:57.7,与那国島近海,23°57.3′N,122°35.7′E,26 km,6.1,震度３
2018/10/22,19:47:18.4,福島県沖,37°31.0′N,141°26.6′E,49 km,5.0,震度４
2018/10/21,20:02:51.5,千葉県東方沖,35°15.0′N,140°31.9′E,47 km,4.3,震度３
2018/10/19,05:06:23.4,熊本県熊本地方,32°35.1′N,130°37.8′E,11 km,3.7,震度３
2018/10/18,21:12:31.8,胆振地方中東部,42°49.9′N,141°59.6′E,33 km,4.1,震度３
2018/10/17,08:55:48.3,三重県中部,34°26.0′N,136°14.4′E,29 km,3.6,震度３
2018/10/15,16:10:44.4,栃木県北部,36°48.4′N,139°23.2′E,3 km,3.7,震度４
2018/10/15,09:12:55.0,熊本県熊本地方,32°34.9′N,130°38.2′E,11 km,4.1,震度３
2018/10/12,13:15:47.6,千葉県北東部,35°44.7′N,140°41.3′E,52 km,5.2,震度４
2018/10/12,09:14:27.9,胆振地方中東部,42°35.5′N,141°56.8′E,23 km,4.6,震度４
2018/10/11,17:52:12.7,和歌山県北部,34°01.3′N,135°09.0′E,6 km,3.1,震度３
2018/10/09,17:16:19.3,茨城県北部,36°43.4′N,140°36.5′E,8 km,3.9,震度３
2018/10/09,02:45:15.9,胆振地方中東部,42°37.5′N,141°57.5′E,32 km,4.3,震度４
2018/10/08,21:53:58.7,胆振地方中東部,42°37.6′N,141°57.7′E,32 km,4.3,震度４
2018/10/07,10:14:19.1,愛知県東部,35°02.2′N,137°34.4′E,42 km,5.0,震度４
2018/10/06,13:14:23.8,胆振地方中東部,42°40.8′N,141°59.3′E,35 km,4.1,震度３
2018/10/05,08:58:49.1,胆振地方中東部,42°35.5′N,141°57.9′E,31 km,5.2,震度５弱
2018/10/04,00:15:30.5,千葉県東方沖,35°48.5′N,140°58.2′E,31 km,4.7,震度４
2018/10/02,12:27:51.3,茨城県沖,36°25.7′N,141°05.2′E,46 km,4.6,震度３
2018/10/01,11:22:03.3,胆振地方中東部,42°47.6′N,142°00.6′E,35 km,4.7,震度４
2018/09/30,17:54:04.4,日高地方西部,42°32.9′N,141°59.3′E,37 km,4.9,震度４
2018/09/29,18:25:54.3,胆振地方中東部,42°46.2′N,142°00.0′E,35 km,4.2,震度３
2018/09/28,04:32:25.2,福島県沖,37°06.7′N,141°06.1′E,52 km,4.0,震度３
2018/09/24,18:17:05.8,胆振地方中東部,42°38.1′N,141°59.8′E,41 km,4.3,震度３
2018/09/24,00:05:34.2,茨城県北部,36°27.0′N,140°36.6′E,55 km,4.1,震度３
2018/09/21,09:29:39.3,長野県北部,36°48.0′N,138°05.9′E,8 km,3.5,震度３
2018/09/21,07:56:08.2,胆振地方中東部,42°38.4′N,141°59.6′E,37 km,4.2,震度３
2018/09/19,09:01:36.2,茨城県沖,36°38.5′N,140°56.0′E,49 km,4.0,震度３
2018/09/19,01:21:49.0,宮城県沖,38°28.2′N,141°35.9′E,57 km,5.0,震度３
2018/09/18,17:11:11.3,埼玉県南部,36°02.9′N,139°47.9′E,77 km,4.3,震度４
2018/09/17,02:51:31.6,胆振地方中東部,42°43.0′N,141°51.7′E,28 km,4.6,震度４
2018/09/15,18:43:52.1,茨城県北部,36°42.5′N,140°36.4′E,8 km,3.7,震度３
2018/09/14,17:31:41.7,胆振地方中東部,42°36.6′N,141°58.4′E,40 km,4.0,震度３
2018/09/14,17:26:49.9,茨城県北部,36°43.5′N,140°36.5′E,8 km,4.2,震度３
2018/09/14,14:35:24.2,茨城県北部,36°44.4′N,140°36.5′E,7 km,4.9,震度３
2018/09/14,10:54:07.3,福島県浜通り,37°06.5′N,140°56.0′E,74 km,3.9,震度３
2018/09/14,09:48:32.0,胆振地方中東部,42°48.2′N,141°59.2′E,36 km,4.3,震度３
2018/09/14,06:54:22.3,胆振地方中東部,42°40.6′N,141°57.1′E,26 km,4.6,震度４
2018/09/13,15:06:29.4,胆振地方中東部,42°41.8′N,141°59.1′E,35 km,3.9,震度３
2018/09/13,01:34:00.1,胆振地方中東部,42°36.7′N,141°56.9′E,31 km,4.2,震度３
2018/09/12,18:24:51.8,胆振地方中東部,42°40.5′N,141°59.1′E,33 km,4.5,震度４
2018/09/11,22:25:58.6,青森県東方沖,41°14.8′N,142°22.5′E,47 km,5.0,震度３
2018/09/11,19:07:33.2,胆振地方中東部,42°49.2′N,141°59.7′E,34 km,4.2,震度４
2018/09/11,12:54:50.2,胆振地方中東部,42°43.9′N,141°53.2′E,13 km,4.3,震度３
2018/09/11,04:58:46.0,胆振地方中東部,42°42.7′N,142°00.3′E,31 km,4.5,震度４
2018/09/11,04:27:29.4,福島県沖,37°46.5′N,141°05.6′E,71 km,4.0,震度３
2018/09/10,23:58:39.4,千葉県南東沖,35°03.9′N,140°13.5′E,35 km,4.7,震度４
2018/09/10,05:51:15.1,胆振地方中東部,42°35.4′N,141°56.9′E,28 km,3.8,震度３
2018/09/09,22:55:13.7,胆振地方中東部,42°46.8′N,141°59.0′E,35 km,4.9,震度４
2018/09/08,18:21:07.1,胆振地方中東部,42°41.7′N,141°58.2′E,34 km,4.2,震度４
2018/09/08,01:28:17.7,胆振地方中東部,42°40.7′N,141°59.2′E,34 km,4.0,震度３
2018/09/07,22:43:45.9,胆振地方中東部,42°44.9′N,142°01.5′E,35 km,4.4,震度４
2018/09/07,17:11:57.8,胆振地方中東部,42°44.4′N,141°59.2′E,32 km,3.4,震度３
2018/09/07,15:42:48.6,胆振地方中東部,42°46.1′N,142°01.5′E,35 km,3.6,震度３
2018/09/07,13:25:24.2,胆振地方中東部,42°42.7′N,141°58.2′E,33 km,4.5,震度４
2018/09/07,07:10:06.4,胆振地方中東部,42°37.6′N,141°58.2′E,41 km,4.1,震度３
2018/09/07,04:48:14.1,胆振地方中東部,42°37.0′N,141°57.9′E,36 km,4.1,震度３
2018/09/07,04:37:54.1,胆振地方中東部,42°44.3′N,141°59.1′E,35 km,4.1,震度３
2018/09/07,03:47:33.7,胆振地方中東部,42°38.0′N,141°57.3′E,31 km,3.6,震度３
2018/09/07,01:41:33.7,胆振地方中東部,42°38.1′N,141°57.8′E,32 km,4.2,震度３
2018/09/06,23:43:49.1,胆振地方中東部,42°46.7′N,142°00.2′E,34 km,4.1,震度３
2018/09/06,22:35:50.2,胆振地方中東部,42°36.7′N,141°57.1′E,30 km,4.0,震度３
2018/09/06,16:53:24.5,胆振地方中東部,42°42.5′N,141°58.4′E,33 km,4.4,震度３
2018/09/06,14:39:45.7,胆振地方中東部,42°47.6′N,141°58.9′E,35 km,4.2,震度３
2018/09/06,14:03:58.3,胆振地方中東部,42°36.2′N,141°56.4′E,31 km,4.3,震度３
2018/09/06,09:16:56.0,胆振地方中東部,42°42.4′N,141°59.4′E,34 km,3.8,震度３
2018/09/06,07:45:51.1,胆振地方中東部,42°47.4′N,141°59.8′E,35 km,3.9,震度３
2018/09/06,06:53:23.0,胆振地方中東部,42°38.2′N,141°58.8′E,36 km,3.8,震度３
2018/09/06,06:32:32.5,胆振地方中東部,42°47.2′N,141°58.8′E,39 km,3.9,震度３
2018/09/06,06:11:29.9,胆振地方中東部,42°40.9′N,142°00.7′E,36 km,5.4,震度５弱
2018/09/06,06:04:32.0,胆振地方中東部,42°42.1′N,141°59.6′E,31 km,4.4,震度４
2018/09/06,05:20:48.0,胆振地方中東部,42°37.4′N,141°58.1′E,36 km,4.1,震度３
2018/09/06,05:12:56.2,胆振地方中東部,42°48.1′N,141°58.1′E,36 km,3.4,震度３
2018/09/06,04:39:05.0,胆振地方中東部,42°39.6′N,141°59.3′E,36 km,3.9,震度３
2018/09/06,04:10:47.7,胆振地方中東部,42°41.5′N,141°59.3′E,31 km,4.7,震度４
2018/09/06,03:56:25.9,胆振地方中東部,42°42.2′N,141°58.5′E,35 km,3.7,震度３
2018/09/06,03:32:52.2,胆振地方中東部,42°43.5′N,141°59.9′E,35 km,4.6,震度４
2018/09/06,03:25:36.4,胆振地方中東部,42°41.9′N,142°00.5′E,36 km,4.1,震度３
2018/09/06,03:23:49.2,胆振地方中東部,42°48.5′N,141°58.6′E,34 km,4.8,震度４
2018/09/06,03:20:10.8,胆振地方中東部,42°34.7′N,141°56.5′E,31 km,5.5,震度４
2018/09/06,03:17:09.6,胆振地方中東部,42°38.4′N,141°57.6′E,29 km,4.7,震度４
2018/09/06,03:11:08.7,苫小牧沖,42°32.9′N,141°56.0′E,30 km,4.4,震度３
2018/09/06,03:09:51.7,胆振地方中東部,42°45.9′N,142°00.1′E,39 km,不明,震度３
2018/09/06,03:07:59.3,胆振地方中東部,42°41.4′N,142°00.4′E,37 km,6.7,震度７
2018/09/05,10:26:47.3,根室半島南東沖,43°16.1′N,146°16.5′E,46 km,4.4,震度３
2018/09/05,05:11:19.9,茨城県沖,36°28.5′N,141°20.2′E,60 km,5.5,震度４
2018/09/03,06:47:47.9,山口県北西沖,34°35.4′N,131°20.8′E,16 km,4.6,震度３
2018/08/28,19:53:15.7,大阪府北部,34°50.8′N,135°37.4′E,12 km,4.0,震度３
2018/08/25,02:17:48.2,茨城県北部,36°48.0′N,140°32.8′E,8 km,4.2,震度３
2018/08/25,00:00:15.5,京都府南部,35°08.3′N,135°41.2′E,6 km,3.3,震度３
2018/08/24,23:15:54.6,青森県東方沖,41°05.6′N,142°37.5′E,32 km,5.1,震度３
2018/08/22,18:23:38.3,熊本県熊本地方,32°42.8′N,130°39.7′E,12 km,4.1,震度４
2018/08/20,03:09:57.1,宮城県北部,38°32.8′N,141°01.2′E,105 km,4.2,震度３
2018/08/14,20:51:00.9,静岡県西部,34°45.1′N,137°29.8′E,37 km,3.9,震度３
2018/08/14,12:35:48.6,千葉県東方沖,35°11.7′N,140°32.9′E,59 km,4.7,震度３
2018/08/11,06:11:16.1,福島県沖,37°09.4′N,141°11.7′E,20 km,5.0,震度４
2018/08/10,21:18:22.4,駿河湾,34°52.8′N,138°22.8′E,22 km,4.4,震度３
2018/08/08,18:07:20.0,福島県沖,37°11.4′N,141°11.7′E,21 km,4.9,震度３
2018/08/08,00:12:59.3,三陸沖,37°54.9′N,143°56.3′E,50 km,5.6,震度３
2018/08/03,23:39:11.6,陸奥湾,40°56.2′N,141°12.7′E,9 km,3.2,震度３
2018/07/31,17:42:20.2,福島県沖,37°09.3′N,141°13.7′E,21 km,5.8,震度４
2018/07/31,14:53:50.3,長野県北部,36°37.1′N,138°22.0′E,0 km,3.7,震度３
2018/07/29,15:33:49.4,茨城県沖,36°36.2′N,140°58.1′E,48 km,4.0,震度３
2018/07/29,09:58:48.2,栃木県北部,36°57.2′N,139°40.5′E,7 km,4.5,震度３
2018/07/25,07:31:28.1,熊本県熊本地方,32°43.3′N,130°47.8′E,5 km,4.4,震度４
2018/07/17,04:42:52.3,茨城県沖,36°26.0′N,140°41.0′E,52 km,4.1,震度３
2018/07/17,04:34:12.1,茨城県沖,36°25.8′N,140°41.5′E,52 km,4.8,震度４
2018/07/16,02:13:39.5,日高地方東部,42°19.2′N,142°59.8′E,55 km,4.9,震度４
2018/07/12,17:39:23.1,宮城県沖,38°15.8′N,142°09.4′E,39 km,4.9,震度３
2018/07/10,13:55:55.4,青森県東方沖,41°32.9′N,142°04.4′E,68 km,4.9,震度３
2018/07/09,03:53:08.2,佐賀県南部,33°25.9′N,130°22.7′E,14 km,4.2,震度３
2018/07/07,20:23:48.9,千葉県東方沖,35°09.9′N,140°35.5′E,57 km,6.0,震度５弱
2018/07/03,20:38:47.3,日向灘,32°37.5′N,132°07.2′E,37 km,4.1,震度３
2018/07/02,20:53:20.4,青森県東方沖,41°11.7′N,142°42.0′E,39 km,5.0,震度３
2018/07/02,02:27:00.8,青森県東方沖,41°29.6′N,142°03.8′E,64 km,4.9,震度４
2018/07/01,12:42:08.9,大阪府北部,34°51.4′N,135°36.4′E,12 km,3.5,震度３
2018/06/29,14:05:25.0,千葉県南東沖,35°06.5′N,140°15.8′E,13 km,4.3,震度３
2018/06/27,04:16:38.3,千葉県南部,35°20.8′N,140°20.2′E,25 km,4.1,震度３
2018/06/26,20:03:05.7,岩手県沖,39°20.3′N,142°04.1′E,48 km,4.4,震度３
2018/06/26,19:46:22.3,千葉県南部,35°20.9′N,140°20.7′E,26 km,4.3,震度４
2018/06/26,17:00:09.6,広島県北部,34°55.8′N,132°52.3′E,12 km,5.0,震度４
2018/06/23,23:08:45.7,大阪府北部,34°49.9′N,135°37.3′E,11 km,4.0,震度３
2018/06/22,06:20:36.1,茨城県北部,36°41.7′N,140°35.0′E,10 km,3.5,震度３
2018/06/21,15:53:26.7,千葉県南部,35°07.9′N,140°14.5′E,11 km,3.8,震度３
2018/06/20,10:42:05.5,福島県中通り,37°05.8′N,140°31.7′E,7 km,4.1,震度３
2018/06/20,05:28:44.5,留萌地方中北部,44°59.9′N,141°51.4′E,11 km,4.1,震度３
2018/06/19,07:52:00.8,大阪府北部,34°50.7′N,135°36.7′E,11 km,3.9,震度３
2018/06/19,04:53:10.2,大阪府北部,34°50.6′N,135°37.5′E,13 km,3.9,震度３
2018/06/19,00:31:25.0,大阪府北部,34°51.5′N,135°36.4′E,10 km,4.1,震度４
2018/06/18,16:31:47.6,大阪府北部,34°51.5′N,135°36.6′E,11 km,3.5,震度３
2018/06/18,07:58:34.1,大阪府北部,34°50.6′N,135°37.3′E,13 km,6.1,震度６弱
2018/06/17,15:27:21.8,群馬県南部,36°27.3′N,139°10.3′E,14 km,4.6,震度５弱
2018/06/16,11:22:33.0,千葉県南部,35°20.8′N,140°19.8′E,26 km,4.2,震度３
2018/06/16,11:09:10.0,千葉県北東部,35°21.0′N,140°19.4′E,26 km,4.4,震度４
2018/06/14,22:51:55.5,愛知県東部,34°56.4′N,137°39.8′E,24 km,3.7,震度３
2018/06/14,19:04:45.3,千葉県南部,35°14.3′N,140°16.5′E,13 km,4.0,震度３
2018/06/12,05:09:04.5,千葉県東方沖,35°10.0′N,140°34.5′E,17 km,4.9,震度３
2018/06/12,04:54:21.3,大隅半島東方沖,31°11.3′N,131°33.5′E,28 km,5.6,震度４
2018/06/09,22:50:47.4,静岡県東部,35°13.9′N,138°37.4′E,17 km,3.6,震度３
2018/06/03,18:31:40.6,天草灘,31°57.5′N,130°07.5′E,11 km,3.9,震度３
2018/05/30,21:27:01.5,十勝地方北部,43°26.9′N,144°00.3′E,0 km,2.9,震度３
2018/05/26,07:02:07.8,日向灘,32°04.9′N,132°05.3′E,28 km,4.2,震度３
2018/05/25,22:56:02.3,長野県北部,36°55.9′N,138°35.7′E,3 km,2.8,震度３
2018/05/25,21:13:42.2,長野県北部,36°56.4′N,138°35.3′E,6 km,5.2,震度５強
2018/05/25,19:06:46.8,沖縄本島近海,26°27.5′N,127°14.4′E,61 km,4.4,震度３
2018/05/18,03:42:13.6,釧路沖,42°43.5′N,145°28.2′E,47 km,5.8,震度４
2018/05/17,12:12:31.7,千葉県北東部,35°42.9′N,140°43.8′E,52 km,5.3,震度４
2018/05/16,19:26:28.2,長野県北部,36°38.3′N,137°53.3′E,9 km,3.0,震度３
2018/05/16,08:55:10.9,長野県北部,36°38.4′N,137°53.7′E,9 km,2.9,震度３
2018/05/15,14:00:38.7,山梨県東部・富士五湖,35°29.5′N,139°01.2′E,27 km,4.3,震度３
2018/05/14,19:31:17.7,岩手県沖,40°03.5′N,142°41.1′E,29 km,5.1,震度３
2018/05/13,01:49:38.2,宮城県沖,38°31.8′N,141°48.9′E,50 km,4.8,震度４
2018/05/12,10:41:12.3,長野県北部,36°38.0′N,137°54.1′E,11 km,3.1,震度３
2018/05/12,10:29:30.0,長野県北部,36°37.9′N,137°54.0′E,11 km,5.2,震度５弱
2018/05/07,05:00:48.4,岩手県内陸北部,39°35.7′N,141°09.6′E,98 km,5.1,震度４
2018/05/06,21:13:19.0,熊本県熊本地方,32°39.4′N,130°40.1′E,11 km,3.9,震度４
2018/05/06,07:15:46.8,秋田県内陸北部,40°02.4′N,140°32.5′E,9 km,4.1,震度３
2018/05/05,21:47:33.9,内浦湾,41°58.0′N,141°00.4′E,12 km,3.1,震度３
2018/05/05,15:43:32.8,福島県沖,37°04.9′N,141°10.5′E,49 km,4.2,震度３
2018/04/29,17:47:55.5,秋田県内陸南部,39°29.1′N,140°25.3′E,9 km,3.2,震度３
2018/04/28,00:58:59.6,西表島付近,24°14.8′N,123°47.7′E,17 km,4.4,震度３
2018/04/24,17:53:21.7,根室半島南東沖,43°14.3′N,145°49.5′E,87 km,5.4,震度４
2018/04/23,05:49:34.4,新島・神津島近海,34°14.6′N,139°08.3′E,9 km,4.3,震度３
2018/04/23,01:01:50.0,島根県西部,35°10.1′N,132°35.4′E,11 km,4.1,震度３
2018/04/22,20:30:21.1,新島・神津島近海,34°14.2′N,139°09.3′E,10 km,3.3,震度３
2018/04/21,18:47:18.7,千葉県東方沖,35°33.6′N,141°06.2′E,33 km,5.1,震度３
2018/04/19,20:38:24.8,岩手県沖,40°08.8′N,142°27.9′E,34 km,4.8,震度３
2018/04/16,03:35:04.1,トカラ列島近海,29°13.0′N,129°07.6′E,11 km,3.6,震度３
2018/04/14,15:13:27.8,愛知県西部,34°49.4′N,137°07.6′E,6 km,4.5,震度４
2018/04/14,10:36:16.6,愛知県西部,34°49.5′N,137°07.6′E,6 km,3.6,震度３
2018/04/14,04:00:01.8,根室半島南東沖,43°10.5′N,145°44.2′E,53 km,5.4,震度５弱
2018/04/12,22:37:39.6,宮城県沖,38°22.5′N,141°51.5′E,56 km,4.7,震度３
2018/04/10,23:24:41.5,薩摩半島西方沖,31°16.2′N,129°58.5′E,7 km,4.0,震度３
2018/04/09,06:38:48.7,島根県西部,35°11.7′N,132°34.4′E,12 km,3.8,震度３
2018/04/09,05:05:42.8,島根県西部,35°10.4′N,132°35.2′E,9 km,4.6,震度４
2018/04/09,02:30:32.6,島根県西部,35°10.3′N,132°35.2′E,9 km,4.0,震度３
2018/04/09,02:10:55.7,島根県西部,35°10.3′N,132°35.0′E,10 km,4.9,震度４
2018/04/09,02:03:50.3,島根県西部,35°11.1′N,132°34.5′E,10 km,4.2,震度３
2018/04/09,01:56:46.0,島根県西部,35°11.0′N,132°34.5′E,10 km,4.8,震度４
2018/04/09,01:43:53.3,島根県西部,35°10.0′N,132°35.4′E,10 km,4.5,震度４
2018/04/09,01:32:30.8,島根県西部,35°11.0′N,132°35.2′E,12 km,6.1,震度５強
2018/03/30,08:17:33.6,茨城県沖,36°26.5′N,140°37.2′E,56 km,5.1,震度４
2018/03/26,18:44:35.8,茨城県南部,36°06.9′N,139°50.9′E,53 km,3.9,震度３
2018/03/25,23:37:22.9,八丈島東方沖,32°38.5′N,140°53.2′E,41 km,5.8,震度３
2018/03/23,06:32:20.6,宮城県沖,38°52.8′N,142°04.6′E,45 km,5.1,震度４
2018/03/20,15:42:30.3,トカラ列島近海,29°16.5′N,129°13.6′E,15 km,2.9,震度３
2018/03/15,05:40:56.1,宮城県沖,38°18.2′N,141°53.1′E,46 km,4.2,震度３
2018/03/13,15:54:32.7,千葉県北東部,35°28.0′N,140°23.6′E,32 km,3.6,震度３
2018/03/13,15:46:30.3,千葉県北東部,35°43.8′N,140°40.4′E,51 km,4.9,震度３
2018/03/13,15:10:53.9,西表島付近,24°15.3′N,123°47.2′E,17 km,4.4,震度３
2018/03/12,19:21:26.0,沖縄本島近海,27°15.0′N,128°25.6′E,48 km,4.6,震度３
2018/03/09,18:15:50.7,陸奥湾,41°10.7′N,141°15.9′E,93 km,4.4,震度３
2018/03/02,12:42:27.3,与那国島近海,24°19.9′N,122°58.2′E,48 km,4.9,震度３
2018/03/02,00:32:22.7,西表島付近,24°14.4′N,123°50.5′E,16 km,4.2,震度３
2018/03/01,23:11:38.2,西表島付近,24°15.2′N,123°47.7′E,15 km,4.4,震度３
2018/03/01,22:42:26.7,西表島付近,24°14.9′N,123°49.2′E,15 km,5.6,震度５弱
2018/02/27,08:08:02.1,茨城県南部,36°13.4′N,140°05.1′E,54 km,4.3,震度３
2018/02/26,01:28:39.7,福島県沖,37°32.2′N,141°45.7′E,40 km,5.8,震度４
2018/02/22,07:56:24.4,長野県南部,35°51.6′N,137°36.3′E,5 km,3.2,震度３
2018/02/19,04:03:16.9,茨城県北部,36°41.6′N,140°35.3′E,9 km,3.7,震度３
2018/02/19,03:31:36.5,豊後水道,32°54.2′N,132°09.7′E,40 km,5.0,震度４
2018/02/17,06:38:45.6,宮城県沖,38°25.5′N,141°58.8′E,57 km,4.5,震度３
2018/02/13,16:17:11.6,長野県南部,35°51.8′N,137°35.5′E,6 km,3.2,震度３
2018/02/13,14:39:44.6,長野県南部,35°51.9′N,137°35.6′E,6 km,4.1,震度４
2018/02/11,04:14:11.9,茨城県沖,36°15.7′N,140°56.1′E,38 km,4.2,震度３
2018/02/06,22:57:07.2,茨城県沖,36°38.3′N,140°54.2′E,51 km,3.7,震度３
2018/02/01,15:48:09.4,奄美大島近海,28°12.7′N,129°24.9′E,19 km,4.2,震度３
2018/01/31,05:11:48.3,浦河沖,42°01.1′N,142°35.4′E,62 km,4.7,震度３
2018/01/27,03:11:00.1,宮城県沖,38°14.3′N,141°36.6′E,63 km,4.5,震度３
2018/01/24,19:51:19.5,青森県東方沖,41°00.5′N,142°26.8′E,34 km,6.3,震度４
2018/01/24,02:32:05.0,茨城県沖,36°19.1′N,140°52.9′E,38 km,4.3,震度３
2018/01/15,03:12:51.9,伊豆大島近海,34°50.8′N,139°15.1′E,11 km,3.4,震度３
2018/01/14,18:07:33.1,浦河沖,41°56.2′N,143°02.8′E,41 km,4.7,震度４
2018/01/09,13:43:21.5,岩手県沖,39°38.0′N,142°06.2′E,49 km,4.1,震度３
2018/01/09,05:52:08.5,伊予灘,33°46.5′N,132°12.3′E,57 km,4.3,震度３
2018/01/06,05:47:58.9,伊豆半島東方沖,34°51.1′N,139°14.7′E,11 km,4.5,震度３
2018/01/06,04:37:58.1,伊豆半島東方沖,34°51.1′N,139°15.2′E,12 km,4.4,震度３
2018/01/06,00:54:13.9,東京湾,35°38.6′N,140°01.3′E,71 km,4.7,震度４
2018/01/05,11:02:25.5,茨城県沖,35°53.7′N,140°53.4′E,41 km,4.5,震度３
2018/01/05,11:02:22.9,富山県西部,36°52.2′N,136°58.8′E,14 km,4.0,震度３
2018/01/02,19:48:40.2,東京湾,35°39.1′N,139°59.3′E,48 km,4.3,震度３
2017/12/27,22:05:29.4,東京湾,35°33.9′N,140°05.0′E,69 km,4.5,震度３
2017/12/20,04:49:24.7,青森県東方沖,40°58.4′N,142°00.7′E,57 km,4.1,震度３
2017/12/19,06:54:34.1,宮城県沖,38°10.9′N,141°41.1′E,51 km,4.6,震度３
2017/12/18,06:09:55.1,宮城県沖,38°52.5′N,142°04.7′E,50 km,4.4,震度３
2017/12/17,20:29:24.2,根室半島南東沖,43°06.0′N,145°35.8′E,49 km,4.1,震度３
2017/12/16,05:57:32.4,淡路島付近,34°21.6′N,134°53.4′E,12 km,3.6,震度３
2017/12/16,02:58:43.9,岩手県沖,39°41.1′N,142°05.6′E,52 km,5.5,震度４
2017/12/11,05:39:09.8,紀伊水道,34°02.6′N,135°05.5′E,9 km,3.8,震度３
2017/12/06,00:22:10.4,茨城県北部,36°48.7′N,140°32.4′E,8 km,4.5,震度３
2017/12/06,00:13:49.3,長野県中部,36°22.6′N,137°58.3′E,10 km,5.3,震度４
2017/12/02,05:48:00.9,浦河沖,42°02.2′N,142°30.3′E,67 km,4.9,震度３
2017/12/02,00:12:29.9,茨城県南部,36°03.1′N,139°53.4′E,43 km,4.4,震度４
2017/11/30,22:02:06.2,茨城県南部,36°02.3′N,139°53.7′E,42 km,3.9,震度３
2017/11/18,03:56:04.0,熊本県熊本地方,32°49.4′N,130°36.6′E,4 km,3.3,震度３
2017/11/17,10:02:47.3,福島県沖,37°10.9′N,141°22.9′E,48 km,4.8,震度４
2017/11/16,20:36:14.2,宮城県沖,38°44.0′N,142°02.0′E,57 km,4.0,震度３
2017/11/16,18:43:34.6,八丈島東方沖,32°21.1′N,140°44.7′E,46 km,6.0,震度３
2017/11/11,01:38:20.6,宮城県沖,38°22.0′N,141°50.2′E,59 km,4.7,震度４
2017/11/09,12:23:54.3,石川県能登地方,37°09.8′N,136°55.7′E,16 km,3.7,震度３
2017/11/09,11:38:38.4,石川県能登地方,37°09.8′N,136°55.7′E,16 km,3.5,震度３
2017/11/05,16:30:09.0,茨城県南部,36°07.3′N,139°50.9′E,49 km,4.0,震度３
2017/11/05,06:05:43.1,青森県三八上北地方,40°39.3′N,141°02.4′E,112 km,4.3,震度３
2017/11/03,21:38:06.1,茨城県北部,36°48.9′N,140°31.8′E,8 km,4.8,震度３
2017/11/03,13:49:44.1,和歌山県北部,33°59.8′N,135°14.1′E,8 km,3.5,震度３
2017/11/03,12:45:12.9,十勝沖,42°33.8′N,143°44.9′E,66 km,5.0,震度４
2017/11/02,22:31:06.6,茨城県沖,36°48.1′N,140°46.5′E,74 km,4.3,震度３
2017/11/01,00:46:11.4,鹿児島湾,31°23.9′N,130°36.8′E,9 km,3.8,震度４
2017/10/29,03:26:28.0,熊本県熊本地方,32°49.2′N,130°38.1′E,3 km,3.5,震度３
2017/10/19,21:50:28.9,福島県沖,37°03.6′N,141°08.6′E,51 km,4.2,震度３
2017/10/19,18:02:01.5,奄美大島北東沖,28°19.6′N,131°16.6′E,98 km,5.6,震度３
2017/10/19,01:50:00.6,岩手県沖,40°01.3′N,141°57.1′E,9 km,4.2,震度３
2017/10/09,23:47:19.7,宮城県沖,38°19.4′N,141°37.3′E,54 km,4.1,震度３
2017/10/09,06:59:28.0,長野県南部,35°50.3′N,137°34.5′E,6 km,3.2,震度３
2017/10/07,00:00:42.6,福島県沖,37°06.6′N,141°06.5′E,52 km,4.1,震度３
2017/10/06,23:56:40.7,福島県沖,37°05.2′N,141°09.3′E,53 km,5.9,震度５弱
2017/10/03,04:01:10.9,茨城県北部,36°48.5′N,140°32.2′E,8 km,4.2,震度３
2017/10/01,10:25:06.4,茨城県北部,36°51.2′N,140°33.9′E,5 km,4.9,震度３
2017/09/30,00:56:39.3,岐阜県飛騨地方,36°14.7′N,137°31.3′E,3 km,2.1,震度３
2017/09/28,16:11:26.8,福島県沖,37°20.7′N,141°35.7′E,45 km,4.8,震度３
2017/09/27,07:36:47.3,和歌山県北部,34°08.7′N,135°10.0′E,4 km,3.2,震度３
2017/09/27,05:22:11.2,岩手県沖,40°16.0′N,142°27.3′E,35 km,6.1,震度４
2017/09/24,06:08:38.9,伊豆大島近海,34°45.3′N,139°38.6′E,22 km,4.2,震度３
2017/09/22,09:23:42.7,トカラ列島近海,29°14.3′N,129°10.2′E,10 km,3.6,震度３
2017/09/20,05:18:06.9,福島県沖,37°16.6′N,141°39.1′E,46 km,5.3,震度３
2017/09/19,18:33:09.7,豊後水道,33°20.0′N,132°19.0′E,41 km,4.2,震度３
2017/09/14,09:27:23.5,埼玉県南部,35°49.6′N,139°33.2′E,50 km,4.5,震度３
2017/09/13,23:59:24.6,熊本県熊本地方,32°44.7′N,130°39.5′E,11 km,2.9,震度３
2017/09/11,00:51:08.0,東京都多摩西部,35°43.1′N,139°10.2′E,50 km,4.0,震度３
2017/09/10,17:44:24.0,浦河沖,41°45.5′N,142°52.6′E,43 km,5.6,震度４
2017/09/09,23:38:46.4,秋田県内陸南部,39°31.2′N,140°25.6′E,9 km,3.1,震度３
2017/09/09,19:41:01.5,秋田県内陸南部,39°31.5′N,140°25.5′E,9 km,3.3,震度３
2017/09/09,11:42:09.6,秋田県内陸南部,39°31.3′N,140°25.4′E,9 km,3.4,震度４
2017/09/08,22:23:18.1,秋田県内陸南部,39°30.0′N,140°25.1′E,9 km,5.2,震度５強
2017/09/08,14:20:10.9,熊本県熊本地方,32°43.4′N,130°40.4′E,14 km,4.1,震度４
2017/09/08,02:26:48.9,小笠原諸島西方沖,27°48.2′N,140°07.7′E,475 km,6.1,震度３
2017/08/30,11:50:05.9,石狩地方南部,42°49.5′N,141°28.2′E,10 km,2.8,震度３
2017/08/30,11:48:25.0,石狩地方南部,42°49.4′N,141°28.1′E,9 km,2.9,震度３
2017/08/27,11:26:04.5,茨城県北部,36°44.8′N,140°34.5′E,11 km,4.8,震度３
2017/08/26,17:37:39.5,和歌山県北部,34°01.1′N,135°11.2′E,4 km,2.8,震度３
2017/08/26,04:20:29.6,福島県中通り,37°01.2′N,140°35.0′E,8 km,4.7,震度３
2017/08/24,14:34:38.6,鹿児島湾,31°22.6′N,130°36.7′E,7 km,4.4,震度４
2017/08/16,00:04:36.1,茨城県沖,36°27.4′N,141°03.1′E,44 km,3.9,震度３
2017/08/14,18:11:35.2,千葉県北西部,35°50.1′N,139°59.5′E,102 km,4.5,震度３
2017/08/11,16:46:20.2,長野県北部,36°46.5′N,138°33.9′E,0 km,3.8,震度３
2017/08/10,09:36:31.1,千葉県北西部,35°47.8′N,140°05.4′E,64 km,5.0,震度３
2017/08/08,21:27:56.2,熊本県熊本地方,32°44.4′N,130°44.7′E,10 km,3.9,震度３
2017/08/08,14:49:33.5,沖縄本島近海,26°29.5′N,127°00.4′E,13 km,5.2,震度３
2017/08/06,09:25:52.8,秋田県内陸南部,39°29.7′N,140°25.3′E,10 km,2.9,震度３
2017/08/05,07:55:18.3,茨城県北部,36°27.1′N,140°36.3′E,56 km,4.1,震度３
2017/08/04,20:19:46.5,西表島付近,24°33.1′N,123°34.6′E,64 km,5.3,震度３
2017/08/03,13:45:04.4,茨城県南部,36°04.7′N,139°53.1′E,46 km,4.6,震度３
2017/08/02,07:15:56.8,茨城県南部,36°07.2′N,140°01.3′E,48 km,4.6,震度４
2017/08/02,02:02:07.5,茨城県北部,36°48.2′N,140°32.1′E,9 km,5.5,震度４
2017/07/27,17:45:46.5,宮城県沖,38°58.2′N,141°43.3′E,65 km,4.3,震度３
2017/07/21,16:07:44.1,千葉県北西部,35°48.7′N,140°10.1′E,61 km,4.4,震度３
2017/07/20,09:11:24.2,福島県沖,37°20.4′N,141°35.2′E,46 km,5.8,震度４
2017/07/19,04:25:03.4,熊本県熊本地方,32°46.3′N,130°37.7′E,12 km,3.7,震度３
2017/07/15,16:37:35.7,鹿児島湾,31°23.3′N,130°37.0′E,9 km,3.6,震度３
2017/07/15,07:12:35.1,鹿児島湾,31°23.2′N,130°37.0′E,9 km,3.4,震度３
2017/07/14,17:54:02.3,胆振地方中東部,42°48.5′N,141°52.2′E,26 km,3.9,震度３
2017/07/13,21:35:03.0,奄美大島近海,27°59.2′N,129°23.0′E,29 km,4.2,震度３
2017/07/12,13:35:23.4,鳥取県中部,35°23.5′N,133°51.4′E,5 km,3.0,震度３
2017/07/12,10:54:34.3,宮城県沖,38°15.8′N,141°36.1′E,54 km,4.4,震度３
2017/07/11,11:56:35.4,鹿児島湾,31°23.0′N,130°37.2′E,10 km,5.3,震度５強
2017/07/07,21:48:35.8,福島県沖,37°45.7′N,141°05.3′E,66 km,4.9,震度４
2017/07/02,00:58:22.7,熊本県阿蘇地方,33°00.2′N,131°14.2′E,11 km,4.5,震度５弱
2017/07/01,23:45:52.9,胆振地方中東部,42°47.2′N,141°51.5′E,27 km,5.1,震度５弱
2017/06/30,23:04:02.4,宮古島北西沖,25°41.2′N,125°11.5′E,98 km,5.2,震度３
2017/06/30,15:52:51.6,熊本県熊本地方,32°32.0′N,130°36.4′E,8 km,3.5,震度３
2017/06/28,21:07:32.1,北海道東方沖,43°33.7′N,147°49.9′E,31 km,5.7,震度３
2017/06/27,08:40:33.1,長野県南部,35°51.9′N,137°35.6′E,7 km,3.3,震度３
2017/06/27,02:09:44.7,長野県南部,35°51.8′N,137°33.7′E,5 km,3.3,震度３
2017/06/26,00:38:55.3,長野県南部,35°52.2′N,137°34.3′E,5 km,3.5,震度３
2017/06/25,23:29:20.6,長野県南部,35°52.3′N,137°34.7′E,6 km,3.6,震度３
2017/06/25,23:13:48.6,長野県南部,35°52.3′N,137°34.8′E,6 km,3.6,震度３
2017/06/25,15:17:14.6,長野県南部,35°51.4′N,137°35.0′E,7 km,4.7,震度４
2017/06/25,09:48:42.7,長野県南部,35°51.5′N,137°34.1′E,6 km,3.5,震度３
2017/06/25,09:24:05.4,長野県南部,35°51.8′N,137°34.0′E,6 km,4.5,震度４
2017/06/25,07:02:15.3,長野県南部,35°52.0′N,137°35.1′E,7 km,5.6,震度５強
2017/06/23,08:59:00.4,岩手県沖,39°20.3′N,142°03.6′E,48 km,4.5,震度３
2017/06/20,23:27:41.4,豊後水道,32°52.0′N,132°01.8′E,42 km,5.0,震度５強
2017/06/19,05:51:29.3,福島県中通り,37°05.1′N,140°36.2′E,6 km,4.5,震度３
2017/06/19,01:23:48.9,茨城県南部,36°20.6′N,140°03.2′E,72 km,3.8,震度３
2017/06/16,22:39:51.3,日向灘,31°53.2′N,131°49.9′E,28 km,4.6,震度３
2017/06/14,19:24:33.4,高知県中部,33°48.0′N,133°25.7′E,38 km,4.5,震度３
2017/06/09,23:36:23.7,橘湾,32°43.0′N,130°01.6′E,16 km,4.3,震度４
2017/06/08,09:25:29.9,千葉県東方沖,35°38.9′N,140°40.5′E,51 km,4.7,震度３
2017/06/05,15:40:17.8,栃木県北部,36°38.9′N,139°26.2′E,5 km,3.4,震度３
2017/06/04,11:09:58.1,千葉県北東部,35°27.2′N,140°24.9′E,30 km,3.8,震度３
2017/06/04,09:56:13.3,千葉県北東部,35°27.7′N,140°24.9′E,30 km,4.4,震度３
2017/05/27,20:59:38.8,長野県北部,36°44.1′N,138°32.0′E,0 km,4.4,震度３
2017/05/22,20:00:58.8,北海道東方沖,43°38.8′N,147°37.9′E,35 km,5.7,震度３
2017/05/12,05:54:27.1,宮古島近海,24°48.5′N,125°22.3′E,49 km,4.3,震度３
2017/05/11,20:21:25.1,有明海,32°44.0′N,130°36.2′E,13 km,4.4,震度４
2017/05/09,10:54:15.2,宮古島近海,24°22.6′N,126°19.5′E,79 km,6.4,震度３
2017/05/07,21:36:24.9,熊本県熊本地方,32°36.1′N,130°44.0′E,9 km,2.9,震度３
2017/05/07,12:32:37.7,長野県中部,36°09.3′N,138°01.5′E,9 km,3.8,震度３
2017/05/04,14:22:25.3,熊本県熊本地方,32°40.9′N,130°45.3′E,11 km,4.1,震度４
2017/04/30,23:42:35.9,十勝地方南部,42°19.3′N,143°04.2′E,53 km,5.4,震度４
2017/04/30,07:41:38.0,石垣島近海,24°26.0′N,124°10.6′E,15 km,4.2,震度３
2017/04/29,21:32:32.9,大隅半島東方沖,30°46.6′N,131°28.9′E,44 km,5.6,震度３
2017/04/29,14:55:25.9,千葉県南部,35°15.2′N,140°17.1′E,13 km,3.7,震度３
2017/04/20,04:46:07.6,茨城県北部,36°41.7′N,140°35.4′E,9 km,4.2,震度４
2017/04/20,02:13:41.7,茨城県北部,36°42.1′N,140°38.5′E,6 km,4.5,震度４
2017/04/19,12:46:32.3,橘湾,32°43.3′N,130°01.4′E,16 km,4.2,震度３
2017/04/19,12:00:13.8,橘湾,32°43.1′N,130°01.6′E,16 km,3.1,震度３
2017/04/14,23:01:20.8,新潟県中越地方,36°49.0′N,138°43.7′E,5 km,3.9,震度３
2017/04/13,06:42:53.6,トカラ列島近海,29°34.4′N,129°41.1′E,7 km,3.4,震度３
2017/04/13,02:15:31.0,和歌山県北部,33°49.1′N,135°22.3′E,22 km,3.8,震度３
2017/04/12,03:10:49.2,茨城県南部,36°09.6′N,140°06.0′E,54 km,4.6,震度３
2017/04/09,21:39:48.8,熊本県熊本地方,32°46.0′N,130°46.1′E,8 km,3.6,震度３
2017/04/09,07:20:13.3,福島県沖,37°30.5′N,141°34.2′E,45 km,5.0,震度３
2017/04/08,20:42:57.6,鳥取県中部,35°23.7′N,133°54.6′E,8 km,3.2,震度３
2017/04/08,16:50:21.9,長野県南部,35°53.7′N,138°08.2′E,5 km,3.5,震度３
2017/04/06,19:05:07.1,新潟県中越地方,36°49.5′N,138°43.5′E,5 km,3.8,震度３
2017/04/04,10:08:44.3,長野県北部,36°26.6′N,137°50.1′E,4 km,2.8,震度３
2017/04/02,00:41:50.5,千葉県北東部,35°24.4′N,140°20.4′E,31 km,3.0,震度３
2017/04/01,20:28:29.5,茨城県北部,36°41.8′N,140°38.8′E,6 km,3.8,震度３
2017/04/01,19:43:23.2,石川県能登地方,37°18.7′N,136°46.1′E,5 km,3.6,震度３
2017/03/25,01:43:28.1,沖縄本島近海,26°50.1′N,127°11.9′E,87 km,5.1,震度３
2017/03/14,12:56:50.2,日高地方西部,42°48.9′N,142°42.0′E,82 km,4.7,震度３
2017/03/12,04:57:47.6,福島県沖,37°30.7′N,141°32.5′E,46 km,5.4,震度４
2017/03/12,03:48:42.1,種子島近海,30°59.3′N,130°25.1′E,136 km,5.1,震度３
2017/03/11,21:10:25.5,鹿児島湾,31°23.0′N,130°37.1′E,10 km,3.9,震度３
2017/03/10,11:23:05.4,網走地方,43°57.7′N,144°59.5′E,6 km,3.4,震度３
2017/03/08,01:08:19.0,青森県東方沖,41°28.9′N,141°58.7′E,65 km,5.2,震度３
2017/03/06,05:26:09.1,熊本県熊本地方,32°33.9′N,130°42.0′E,10 km,3.9,震度３
2017/03/05,19:04:42.2,福島県沖,37°11.4′N,141°25.9′E,29 km,4.6,震度３
2017/03/05,10:18:54.5,千葉県北東部,35°44.1′N,140°43.2′E,52 km,4.7,震度３
2017/03/03,17:27:37.0,根室半島南東沖,43°04.6′N,145°28.7′E,93 km,4.9,震度３
2017/03/03,00:08:18.5,日向灘,32°36.4′N,132°06.9′E,37 km,3.9,震度３
2017/03/02,23:53:42.6,日向灘,32°38.7′N,132°07.9′E,37 km,5.3,震度４
2017/03/01,15:43:03.9,福島県沖,37°31.4′N,141°27.2′E,49 km,4.9,震度３
2017/02/28,16:49:02.0,福島県沖,37°30.8′N,141°22.0′E,52 km,5.7,震度５弱
2017/02/28,08:50:01.6,宮崎県南部山沿い,31°55.7′N,131°13.9′E,15 km,3.7,震度３
2017/02/27,18:10:39.1,日高地方東部,42°20.9′N,143°02.9′E,52 km,4.7,震度３
2017/02/27,00:03:33.2,福島県沖,37°04.0′N,141°10.8′E,50 km,4.9,震度４
2017/02/26,23:54:45.4,福島県沖,37°10.1′N,141°10.7′E,62 km,4.2,震度３
2017/02/26,05:14:01.3,鳥取県中部,35°25.4′N,133°50.0′E,9 km,3.0,震度３
2017/02/22,18:12:52.5,熊本県熊本地方,32°47.7′N,130°40.3′E,10 km,3.4,震度３
2017/02/19,18:19:29.8,千葉県北東部,35°43.8′N,140°39.8′E,52 km,5.4,震度４
2017/02/19,15:01:53.6,福島県沖,37°42.5′N,141°46.8′E,65 km,4.2,震度３
2017/02/17,10:18:05.3,宮古島近海,24°49.0′N,125°22.8′E,50 km,4.4,震度３
2017/02/12,22:36:53.9,岩手県沖,40°09.6′N,142°21.9′E,36 km,4.8,震度３
2017/02/11,06:38:58.8,福島県沖,37°05.7′N,141°21.1′E,32 km,4.4,震度３
2017/02/11,06:05:26.7,福島県沖,37°10.6′N,141°43.1′E,41 km,5.4,震度３
2017/02/08,21:14:57.6,五島列島近海,32°47.2′N,129°16.8′E,9 km,4.1,震度３
2017/02/07,20:03:55.9,茨城県北部,36°42.4′N,140°38.0′E,6 km,4.4,震度３
2017/02/02,03:11:27.9,奄美大島近海,27°59.7′N,130°15.9′E,34 km,4.3,震度３
2017/01/28,22:40:29.6,秋田県内陸南部,39°45.6′N,140°45.8′E,151 km,5.0,震度３
2017/01/28,05:02:03.0,徳島県北部,33°55.4′N,133°43.8′E,45 km,3.9,震度３
2017/01/26,23:34:33.0,熊本県熊本地方,32°29.1′N,130°37.7′E,9 km,3.9,震度３
2017/01/26,17:06:27.9,岩手県沖,40°09.9′N,142°27.3′E,36 km,5.2,震度３
2017/01/18,17:19:25.8,茨城県沖,36°25.7′N,140°38.5′E,53 km,4.2,震度４
2017/01/13,12:25:30.7,千葉県北東部,35°44.0′N,140°36.8′E,50 km,4.9,震度３
2017/01/13,08:41:45.6,福島県会津,37°26.2′N,139°41.7′E,5 km,3.5,震度３
2017/01/11,19:11:15.4,熊本県熊本地方,32°54.1′N,130°51.4′E,9 km,3.4,震度４
2017/01/10,06:52:30.1,岐阜県美濃中西部,35°47.7′N,136°55.1′E,10 km,3.8,震度３
2017/01/08,13:15:41.4,福島県沖,36°52.7′N,140°59.1′E,55 km,4.3,震度３
2017/01/05,02:53:20.5,福島県沖,37°07.3′N,141°21.5′E,26 km,5.6,震度４
2017/01/05,00:43:59.1,福島県沖,36°51.7′N,140°58.7′E,56 km,5.3,震度４
